1775886762|23.83
1775886990|16.78
1775887150|17.55
1775887523|18.05
1775889261|17.48
1775891911|17.43
1775891912|17.43
1775892226|17.6
1775892527|17.85
1775892841|17.83
1775893142|17.93
1775893456|18.1
1775893457|18.1
1775893771|17.98
1775894073|17.46
1775894386|18.66
1775894387|18.66
1775894701|24.84
1775894702|24.84
1775895016|25.11
1775895318|24.37
1775895631|25.28
1775895632|25.28
1775895946|24.94
1775896247|25.17
1775896561|25.65
1775896863|25.68
1775897176|25.53
1775897177|48.46
1775897491|67.14
1775897492|82.14
1775897806|80.34
1775898121|79.54
1775898422|79.47
1775898736|85.0
1775899038|85.0
1775899351|78.81
1775899653|74.12
1775899966|75.07
1775900268|74.86
1775900581|73.07
1775900883|75.93
1775901196|70.94
1775901497|69.92
1775901811|70.08
1775902112|70.07
1775902426|73.69
1775902428|73.69
1775902741|77.48
1775903042|73.96
1775903356|74.38
1775903657|81.7
1775903971|75.68
1775904272|80.64
1775904586|76.66
1775904587|76.66
1775904901|77.16
1775905202|75.06
1775905516|74.1
1775905817|84.47
1775906131|77.71
1775906133|77.71
1775906446|78.57
1775906747|76.11
1775907061|80.01
1775907062|80.01
1775907376|77.88
1775907377|77.88
1775907691|75.17
1775907993|77.55
1775908306|75.89
1775908607|79.7
1775908921|80.9
1775909222|84.16
1775909536|80.42
1775909837|80.01
1775910151|79.86
1775910153|79.86
1775910466|79.04
1775910768|82.28
1775911081|85.0
1775911126|47.02
1775911127|47.02
1775911441|45.11
1775911742|46.61
1775912056|46.48
1775912358|46.33
1775912671|46.88
1775912673|46.88
1775912986|46.64
1775913287|49.11
1775913601|47.94
1775913902|48.89
1775914216|48.15
1775914517|51.69
1775914831|49.68
1775914832|49.68
1775915146|49.64
1775915448|49.0
1775915761|49.24
1775916062|48.22
1775916376|49.27
1775916677|48.88
1775916991|48.94
1775917292|48.81
1775917606|48.91
1775917608|48.91
1775917921|48.66
1775918222|49.27
1775918536|50.25
1775918838|49.97
1775919151|49.02
1775919452|49.61
1775919766|48.86
1775920067|49.33
1775920381|49.8
1775920382|49.8
1775920696|49.41
1775920998|49.1
1775921311|49.19
1775921626|49.3
1775921928|49.3
1775922241|48.92
1775922542|49.25
1775922856|48.78
1775923171|49.24
1775923472|35.05
1775923786|35.71
1775924088|34.9
1775924401|35.23
1775924402|35.23
1775924716|36.3
1775924718|36.3
1775925031|36.45
1775925333|35.64
1775925646|36.82
1775925947|36.89
1775926261|38.35
1775926263|38.35
1775926576|37.47
1775926878|38.07
1775927191|37.95
1775927193|37.95
1775927506|37.26
1775927508|37.26
1775927821|37.82
1775927822|37.82
1775928136|37.61
1775928437|38.45
1775928751|37.51
1775929053|37.34
1775929366|38.92
1775929667|38.37
1775929981|36.43
1775929982|36.43
1775930296|36.48
1775930598|36.89
1775930911|37.61
1775930913|37.61
1775931226|36.8
1775931528|38.69
1775931841|36.47
1775932142|37.24
1775932456|36.36
1775932757|37.79
1775933071|38.51
1775933372|38.27
1775933686|39.93
1775933987|38.92
1775934301|39.38
1775934602|37.11
1775934916|39.19
1775934917|39.19
1775935231|38.07
1775935533|39.1
1775935846|39.7
1775936148|37.97
1775936461|38.86
1775936463|38.86
1775936776|39.57
1775936777|39.57
1775937091|37.3
1775937392|36.84
1775937706|37.1
1775938007|38.53
1775938321|38.19
1775938622|36.61
1775938936|37.62
1775938937|37.62
1775939251|38.39
1775939252|38.39
1775939566|38.98
1775939568|38.98
1775939881|38.38
1775940182|37.9
1775940496|38.67
1775940798|37.48
1775941111|37.36
1775941412|38.29
1775941726|39.22
1775942027|38.04
1775942341|38.7
1775942342|38.7
1775942656|38.45
1775942658|38.45
1775942972|39.6
1775942972|39.6
1775943286|38.33
1775943287|38.33
1775943601|38.13
1775943903|38.13
1775944216|38.35
1775944218|38.35
1775944531|38.67
1775944533|38.67
1775944846|38.8
1775945147|39.4
1775945461|38.54
1775945463|38.54
1775945776|38.96
1775946078|39.31
1775946391|40.18
1775946393|40.18
1775946706|39.03
1775947008|39.76
1775947321|40.53
1775947623|42.29
1775947936|42.15
1775948251|41.36
1775948253|41.36
1775948566|40.91
1775948867|39.51
1775949181|40.58
1775949483|40.55
1775949796|42.06
1775949797|42.06
1775950111|42.26
1775950412|42.23
1775950726|42.35
1775950728|42.35
1775951041|40.68
1775951343|41.18
1775951656|40.2
1775951958|40.8
1775952271|61.29
1775952573|63.14
1775952886|61.54
1775953187|62.0
1775953502|62.36
1775953503|62.36
1775953816|63.21
1775953817|63.21
1775954131|62.52
1775954133|62.52
1775954446|62.03
1775954747|62.53
1775955061|62.25
1775955364|62.27
1775955676|63.18
1775955977|61.8
1775956291|62.51
1775956293|62.51
1775956606|62.88
1775956608|62.88
1775956921|63.85
1775956923|63.85
1775957236|63.74
1775957238|63.74
1775957551|62.99
1775957553|62.99
1775957866|64.82
1775958167|64.63
1775958481|66.67
1775958782|66.87
1775959096|64.37
1775959398|66.11
1775959711|66.87
1775960012|65.72
1775960326|65.5
1775960627|65.26
1775960941|65.84
1775961243|65.73
1775961556|65.52
1775961857|65.47
1775962171|65.09
1775962486|65.57
1775962787|65.02
1775963101|64.91
1775963403|64.85
1775963716|65.06
1775964018|65.04
1775964331|65.06
1775964646|64.93
1775964947|64.75
1775965261|64.65
1775965563|64.74
1775965876|64.81
1775965877|64.81
1775966191|64.59
1775966493|64.04
1775966806|64.11
1775967108|63.65
1775967422|63.73
1775967423|63.73
1775967736|65.02
1775968037|65.12
1775968351|65.24
1775968652|63.79
1775968966|64.23
1775969267|63.83
1775969581|64.57
1775969882|65.59
1775970196|64.92
1775970198|64.92
1775970511|65.04
1775970812|64.2
1775971126|65.14
1775971427|63.83
1775971736|64.32
1775972041|64.04
1775972342|63.93
1775972656|64.7
1775972657|64.7
1775972971|63.38
1775972972|63.38
1775973286|63.72
1775973588|63.61
1775973901|62.63
1775973902|62.63
1775974216|62.87
1775974218|62.87
1775974531|63.62
1775974532|63.62
1775974846|63.82
1775975147|63.15
1775975461|62.63
1775975776|62.86
1775976077|63.02
1775976391|62.56
1775976692|63.12
1775977006|62.96
1775977007|62.96
1775977321|62.52
1775977622|62.1
1775977936|62.53
1775977937|62.53
1775978251|61.99
1775978552|62.11
1775978866|62.87
1775979167|62.45
1775979481|62.37
1775979782|62.53
1775980096|62.39
1775980397|61.44
1775980711|61.19
1775980713|61.19
1775981026|47.55
1775981328|47.61
1775981641|47.2
1775981942|47.65
1775982256|47.52
1775982571|47.55
1775982872|47.69
1775983186|48.02
1775983487|48.14
1775983801|47.9
1775984102|48.04
1775984416|47.82
1775984718|48.29
1775985031|48.43
1775985333|47.51
1775985646|46.91
1775985647|46.91
1775985961|46.81
1775985962|46.81
1775986276|47.13
1775986278|47.13
1775986591|46.86
1775986592|46.86
1775986906|46.45
1775986907|46.45
1775987221|46.15
1775987222|46.15
1775987536|47.44
1775987537|47.44
1775987851|47.29
1775988152|47.61
1775988466|47.79
1775988467|47.79
1775988781|46.87
1775989082|47.3
1775989396|47.44
1775989697|47.58
1775990011|47.47
1775990313|46.2
1775990626|47.39
1775990627|47.39
1775990941|47.65
1775990943|47.65
1775991256|47.23
1775991571|46.25
1775991872|46.58
1775992186|46.03
1775992188|46.03
1775992501|46.09
1775992802|46.82
1775993116|46.23
1775993417|46.49
1775993731|46.34
1775994033|45.49
1775994347|46.12
1775994348|46.12
1775994661|46.03
1775994962|46.07
1775995276|46.43
1775995578|46.18
1775995891|45.73
1775996206|45.72
1775996508|45.43
1775996821|45.61
1775996823|45.61
1775997136|46.08
1775997437|46.01
1775997751|46.24
1775998053|45.93
1775998366|46.02
1775998668|45.92
1775998981|46.66
1775999282|46.14
1775999596|45.92
1775999597|45.92
1775999911|46.63
1775999912|46.63
1776000226|45.66
1776000227|45.66
1776000541|46.06
1776000843|46.36
1776001156|46.17
1776001458|47.09
1776001771|46.79
1776001773|46.79
1776002086|46.74
1776002387|46.79
1776002701|47.36
1776002703|47.36
1776003016|46.7
1776003318|46.85
1776003631|47.53
1776003932|47.5
1776004246|47.4
1776004547|47.48
1776004861|48.28
1776004862|48.28
1776005176|48.23
1776005177|48.23
1776005491|48.07
1776005492|48.07
1776005806|49.57
1776006107|49.04
1776006421|49.19
1776006422|49.19
1776006736|48.71
1776006737|48.71
1776007051|48.95
1776007353|48.44
1776007661|49.17
1776007966|49.39
1776007967|49.39
1776008281|48.79
1776008283|48.79
1776008593|48.85
1776008896|48.69
1776009198|48.54
1776009511|48.5
1776009813|54.35
1776010126|53.92
1776010128|53.92
1776010441|54.61
1776010742|53.82
1776011050|54.36
1776011356|54.55
1776011357|54.55
1776011671|54.45
1776011673|54.45
1776011986|53.92
1776012288|54.18
1776012601|53.95
1776012603|53.95
1776012916|53.73
1776013217|53.73
1776013531|53.63
1776013833|54.02
1776014146|53.66
1776014461|53.55
1776014762|54.07
1776015076|53.54
1776015391|54.46
1776015693|53.88
1776016006|53.57
1776016307|53.99
1776016621|54.16
1776016923|53.94
1776017236|54.13
1776017537|54.03
1776017851|54.34
1776018153|54.17
1776018466|54.02
1776018767|53.8
1776019081|53.65
1776019083|53.65
1776019396|53.75
1776019398|53.75
1776019711|53.93
1776019712|53.93
1776020026|53.9
1776020028|53.9
1776020341|53.27
1776020642|53.89
1776020956|53.12
1776021257|54.2
1776021571|53.85
1776021573|53.85
1776021886|53.16
1776022187|53.41
1776022501|53.31
1776022503|53.31
1776022816|53.38
1776022817|53.38
1776023131|53.38
1776023432|53.46
1776023746|53.43
1776023747|53.43
1776024061|53.54
1776024063|53.54
1776024376|53.04
1776024691|53.22
1776024992|53.42
1776025306|53.54
1776025307|53.54
1776025621|53.18
1776025623|53.18
1776025936|53.64
1776025937|53.64
1776026251|53.26
1776026553|52.98
1776026866|53.04
1776026867|53.04
1776027181|53.39
1776027183|53.39
1776027496|52.49
1776027797|52.26
1776028111|53.5
1776028413|53.46
1776028726|53.38
1776028727|53.38
1776029041|52.46
1776029342|52.75
1776029656|52.78
1776029658|52.78
1776029971|52.99
1776029973|52.99
1776030286|52.6
1776030288|52.6
1776030601|52.53
1776030902|53.14
1776031216|52.63
1776031218|52.63
1776031531|52.83
1776031832|52.47
1776032146|51.9
1776032148|51.9
1776032461|52.07
1776032762|52.25
1776033076|52.31
1776033377|53.51
1776033691|51.72
1776033993|51.19
1776034306|52.2
1776034308|52.2
1776034621|52.0
1776034622|52.0
1776034936|51.73
1776034937|51.73
1776035251|51.88
1776035253|52.39
1776035566|51.54
1776035868|52.81
1776036181|51.66
1776036182|51.66
1776036496|51.52
1776036497|51.52
1776036811|52.09
1776037113|53.08
1776037426|51.75
1776037428|51.75
1776037741|51.63
1776037743|51.63
1776038056|51.59
1776038358|51.86
1776038671|34.11
1776038973|33.56
1776039286|33.52
1776039287|33.52
1776039601|33.5
1776039602|33.5
1776039916|33.13
1776040231|32.75
1776040546|32.84
1776040548|32.84
1776040861|32.73
1776041163|32.88
1776041476|32.93
1776041478|32.93
1776041791|32.84
1776041793|32.84
1776042106|32.72
1776042108|32.72
1776042421|32.42
1776042422|32.42
1776042736|32.61
1776043038|32.87
1776043351|32.89
1776043652|32.47
1776043966|31.88
1776043967|31.88
1776044281|32.84
1776044282|32.84
1776044596|32.88
1776044897|32.85
1776045211|32.88
1776045512|32.91
1776045826|32.7
1776046127|32.56
1776046441|32.09
1776046443|32.09
1776046756|32.1
1776047057|32.57
1776047371|32.09
1776047373|32.09
1776047686|32.35
1776047987|31.66
1776048301|31.67
1776048603|32.05
1776048916|31.89
1776049218|31.41
1776049531|31.56
1776049533|31.56
1776049846|31.17
1776050147|31.01
1776050461|31.53
1776050463|31.53
1776050776|31.11
1776051091|31.25
1776051392|31.11
1776051706|30.97
1776051707|30.97
1776052021|31.35
1776052323|30.9
1776052636|31.11
1776052937|31.2
1776053252|30.85
1776053253|30.85
1776053566|30.0
1776053868|30.08
1776054181|30.08
1776054483|29.8
1776054796|29.91
1776054797|29.91
1776055111|29.48
1776055413|29.27
