BTCUSD|1775886524|-8.17|-1.994e-05|-3.9514|0.8491|0.9201|0.043342
BTCUSD|1775887149|-9.5|-1.994e-05|-3.7778|0.8595|0.918|0.058458
BTCUSD|1775887521|-10.07|-1.994e-05|-4.2334|0.8679|0.9158|0.05099
BTCUSD|1775889259|-9.88|-1.994e-05|-4.1159|0.8628|0.9232|0.048573
BTCUSD|1775891908|-11.02|-1.994e-05|-4.0992|0.869|0.9269|0.055175
BTCUSD|1775892214|-10.5|-1.994e-05|-4.1928|0.8682|0.9236|0.050383
BTCUSD|1775892523|-11.72|-1.994e-05|-4.0957|0.868|0.9307|0.059767
BTCUSD|1775892829|-12.01|-1.994e-05|-4.1402|0.8639|0.9257|0.066893
BTCUSD|1775893138|-11.72|-1.994e-05|-4.1435|0.8537|0.9259|0.067856
BTCUSD|1775893444|-11.54|-1.994e-05|-3.997|0.8581|0.9378|0.059084
BTCUSD|1775893753|-14.88|-1.994e-05|-4.4952|0.854|0.9302|0.087323
BTCUSD|1775894059|-13.6|-1.994e-05|-4.3488|0.8644|0.9391|0.067407
BTCUSD|1775894368|-14.48|-1.994e-05|-4.1755|0.8697|0.9487|0.071218
BTCUSD|1775894674|-16.84|-3.168e-05|-4.4146|0.8685|0.9381|0.062021
BTCUSD|1775894983|-16.47|-3.168e-05|-4.3579|0.87|0.9305|0.064818
BTCUSD|1775895289|-18.41|-3.168e-05|-4.54|0.8726|0.9359|0.074549
BTCUSD|1775895598|-20.12|-3.168e-05|-4.4827|0.873|0.9479|0.08401
BTCUSD|1775895904|-20.98|-3.168e-05|-4.4066|0.8727|0.9529|0.090862
BTCUSD|1775896213|-16.28|-3.168e-05|-4.1579|0.8717|0.9429|0.057991
BTCUSD|1775896519|-18.88|-3.168e-05|-4.2981|0.8716|0.9581|0.06914
BTCUSD|1775896828|-18.14|-3.168e-05|-4.4417|0.873|0.9535|0.061009
BTCUSD|1775897134|-17.36|-3.168e-05|-4.3306|0.8725|0.9456|0.06213
BTCUSD|1775897443|-19.58|-3.168e-05|-4.4387|0.86|0.9541|0.080172
BTCUSD|1775897749|-18.22|-3.168e-05|-4.2438|0.8721|0.949|0.070452
BTCUSD|1775898058|-17.67|-3.168e-05|-4.1879|0.8723|0.9408|0.072396
BTCUSD|1775898364|-20.43|-3.168e-05|-4.4321|0.8719|0.9539|0.084282
BTCUSD|1775898673|-29.98|-3.168e-05|-4.3787|0.8657|0.9558|0.066521
BTCUSD|1775898979|-29.43|-3.168e-05|-4.5384|0.871|0.9546|0.053434
BTCUSD|1775899288|-19.23|-3.168e-05|-4.3474|0.8714|0.9529|0.046407
BTCUSD|1775899594|-30.79|-3.168e-05|-4.5317|0.8703|0.9529|0.064943
BTCUSD|1775899903|-22.75|-3.168e-05|-4.3547|0.8723|0.9542|0.059522
BTCUSD|1775900209|-23.08|-3.168e-05|-4.4989|0.8741|0.946|0.04653
BTCUSD|1775900518|-28.49|-3.168e-05|-4.4893|0.8746|0.9465|0.067787
BTCUSD|1775900824|-7.04|-3.168e-05|-4.181|0.8704|0.9434|0.057402
BTCUSD|1775901133|-10.68|-3.168e-05|-4.1262|0.874|0.9454|0.066646
BTCUSD|1775901439|-0.38|-3.168e-05|-3.9445|0.8681|0.9548|0.061019
BTCUSD|1775901748|-4.49|-3.168e-05|-4.056|0.8718|0.9484|0.057085
BTCUSD|1775902054|6.58|-3.168e-05|-3.8746|0.87|0.9499|0.046229
BTCUSD|1775902363|11.38|-3.168e-05|-3.8354|0.8564|0.9461|0.074603
BTCUSD|1775902669|-15.85|-3.168e-05|-4.1773|0.8727|0.9523|0.06755
BTCUSD|1775902978|-4.01|-3.168e-05|-4.3225|0.8659|0.947|0.031643
BTCUSD|1775903284|-1.89|-3.168e-05|-4.0484|0.8692|0.947|0.055051
BTCUSD|1775903593|-8.69|-3.168e-05|-4.2168|0.8691|0.9499|0.050764
BTCUSD|1775903899|-11.8|-3.168e-05|-4.1226|0.8624|0.9549|0.091023
BTCUSD|1775904208|-12.09|-3.168e-05|-4.0441|0.8735|0.9487|0.079926
BTCUSD|1775904514|-9.85|-3.168e-05|-4.1187|0.8717|0.9539|0.057649
BTCUSD|1775904523|-11.67|-3.168e-05|-4.1173|0.8717|0.954|0.06529
BTCUSD|1775904829|-9.42|-3.168e-05|-4.1569|0.8699|0.9559|0.054058
BTCUSD|1775905138|-9.78|-3.168e-05|-4.1059|0.8721|0.9569|0.055671
BTCUSD|1775905444|-6.88|-3.168e-05|-4.0968|0.867|0.9599|0.058957
BTCUSD|1775905753|-5.91|-3.168e-05|-4.1153|0.8683|0.9577|0.052082
BTCUSD|1775906059|4.05|-3.168e-05|-4.0328|0.8634|0.9512|0.054403
BTCUSD|1775906368|-1.25|-3.168e-05|-3.972|0.8686|0.9583|0.055548
BTCUSD|1775906674|-5.35|-3.168e-05|-4.0266|0.8723|0.9574|0.051207
BTCUSD|1775906983|-16.25|-3.168e-05|-4.2787|0.8637|0.9628|0.071753
BTCUSD|1775907289|-9.29|-3.168e-05|-4.2893|0.8638|0.9622|0.0463
BTCUSD|1775907598|-8.75|-3.168e-05|-4.1334|0.8687|0.961|0.055572
BTCUSD|1775907904|-7.72|-3.168e-05|-4.1433|0.8687|0.961|0.050802
BTCUSD|1775908213|-7.76|-3.168e-05|-3.9504|0.8808|0.9594|0.044822
BTCUSD|1775908519|-23.67|-3.168e-05|-4.2524|0.8813|0.9546|0.060654
BTCUSD|1775908828|-11.71|-3.168e-05|-4.0215|0.8861|0.9552|0.041433
BTCUSD|1775909134|-21.87|-3.168e-05|-4.1785|0.8866|0.9612|0.045358
BTCUSD|1775909443|-7.81|-3.168e-05|-4.1044|0.8721|0.9638|0.047211
BTCUSD|1775909749|-20.7|-3.168e-05|-4.198|0.8879|0.9611|0.036872
BTCUSD|1775910058|-13.39|-3.168e-05|-3.9485|0.8841|0.9624|0.06343
BTCUSD|1775910364|-1.4|-3.168e-05|-3.908|0.8791|0.9633|0.038612
BTCUSD|1775910673|-9.18|-3.168e-05|-3.9875|0.8803|0.9617|0.053701
BTCUSD|1775910979|-12.49|-3.168e-05|-4.1711|0.8753|0.9606|0.051841
BTCUSD|1775911234|-12.64|-3.168e-05|-4.1342|0.8754|0.9543|0.047958
BTCUSD|1775911543|-13.58|-3.168e-05|-4.4077|0.8875|0.949|0.049602
BTCUSD|1775911849|-14.53|-3.168e-05|-4.3681|0.8839|0.9608|0.064008
BTCUSD|1775912158|-13.71|-3.168e-05|-4.1692|0.8787|0.9642|0.05825
BTCUSD|1775912464|-14.84|-3.168e-05|-4.0103|0.8763|0.9576|0.106131
BTCUSD|1775912773|-12.44|-3.168e-05|-3.953|0.8808|0.9615|0.044709
BTCUSD|1775913079|-12.84|-3.168e-05|-3.9663|0.8784|0.9548|0.063706
BTCUSD|1775913388|-13.49|-3.168e-05|-4.0353|0.8832|0.9657|0.058195
BTCUSD|1775913694|-13.52|-3.168e-05|-4.3205|0.8667|0.9722|0.045743
BTCUSD|1775914003|-13.85|-3.168e-05|-4.2471|0.8862|0.9674|0.049248
BTCUSD|1775914309|-15.16|-3.168e-05|-4.2133|0.8806|0.9779|0.074853
BTCUSD|1775914618|-13.38|-3.168e-05|-4.0929|0.8854|0.9734|0.042613
BTCUSD|1775914924|-13.87|-3.168e-05|-4.2359|0.8876|0.9676|0.050372
BTCUSD|1775915233|-12.75|-3.168e-05|-4.1375|0.8693|0.9714|0.04096
BTCUSD|1775915539|-13.72|-3.168e-05|-4.1769|0.8881|0.9692|0.049305
BTCUSD|1775915848|-13.42|-3.168e-05|-4.2285|0.8836|0.9655|0.047183
BTCUSD|1775916154|-12.79|-3.168e-05|-4.176|0.8749|0.9705|0.037126
BTCUSD|1775916463|-14.62|-3.168e-05|-4.2465|0.8873|0.9782|0.057124
BTCUSD|1775916769|-15.08|-3.168e-05|-4.4007|0.8835|0.9719|0.06888
BTCUSD|1775917078|-14.07|-3.168e-05|-4.3278|0.8745|0.9744|0.05455
BTCUSD|1775917384|-14.1|-3.168e-05|-4.323|0.8828|0.9785|0.044335
BTCUSD|1775917693|-13.62|-3.168e-05|-4.2424|0.8743|0.971|0.054607
BTCUSD|1775917999|-13.88|-3.168e-05|-4.3093|0.8724|0.9783|0.049543
BTCUSD|1775918308|-13.63|-3.168e-05|-4.0616|0.8729|0.9797|0.058365
BTCUSD|1775918614|-13.79|-3.168e-05|-4.0908|0.8806|0.9777|0.056773
BTCUSD|1775918919|-13.3|-3.168e-05|-4.0784|0.8853|0.9772|0.043415
BTCUSD|1775919223|-14.1|-3.168e-05|-4.3516|0.8854|0.9769|0.044908
BTCUSD|1775919529|-14.09|-3.168e-05|-4.2279|0.8882|0.9731|0.055565
BTCUSD|1775919838|-13.42|-3.168e-05|-4.0015|0.8853|0.9822|0.046437
BTCUSD|1775920144|-14.32|-3.168e-05|-4.1078|0.883|0.9799|0.065481
BTCUSD|1775920453|-13.04|-3.168e-05|-4.0899|0.8885|0.9795|0.033472
BTCUSD|1775920759|-14.19|-3.168e-05|-4.3692|0.8789|0.98|0.049321
BTCUSD|1775921068|-14.18|-3.168e-05|-4.3417|0.8826|0.9812|0.04698
BTCUSD|1775921374|-13.33|-3.168e-05|-4.2063|0.8806|0.98|0.039444
BTCUSD|1775921683|-13.38|-3.168e-05|-4.1592|0.8793|0.9812|0.043803
BTCUSD|1775921989|-14.06|-3.168e-05|-4.0734|0.8788|0.977|0.071012
BTCUSD|1775922298|-13.65|-3.168e-05|-4.0975|0.8847|0.9766|0.05609
BTCUSD|1775922604|-14.54|-3.168e-05|-4.0328|0.8717|0.9673|0.102931
BTCUSD|1775922913|-14.28|-3.168e-05|-4.2222|0.8897|0.9806|0.054605
BTCUSD|1775923219|-11.48|3.19e-06|-4.4362|0.888|0.9843|0.055609
BTCUSD|1775923528|-11.35|3.19e-06|-4.3989|0.8796|0.9798|0.067515
BTCUSD|1775923834|-9.85|3.19e-06|-4.337|0.8792|0.9717|0.047177
BTCUSD|1775924143|-9.86|3.19e-06|-4.4079|0.8914|0.9668|0.039166
BTCUSD|1775924449|-12.3|3.19e-06|-4.5977|0.8797|0.9839|0.072249
BTCUSD|1775924758|-10.21|3.19e-06|-4.2072|0.8716|0.9788|0.062512
BTCUSD|1775925064|-10.79|3.19e-06|-4.4046|0.8846|0.9727|0.060298
BTCUSD|1775925373|-10.52|3.19e-06|-4.3299|0.8883|0.9773|0.050719
BTCUSD|1775925679|-15.16|3.19e-06|-4.7522|0.8812|1.0099|0.096873
BTCUSD|1775925988|-10.88|3.19e-06|-4.4554|0.8737|0.9787|0.061639
BTCUSD|1775926294|-12.43|3.19e-06|-4.4419|0.87|0.9791|0.100896
BTCUSD|1775926603|-10.16|3.19e-06|-4.5067|0.8772|0.9745|0.044677
BTCUSD|1775926909|-9.35|3.19e-06|-4.0469|0.8696|0.9754|0.061323
BTCUSD|1775927218|-8.77|3.19e-06|-3.996|0.8742|0.9785|0.044135
BTCUSD|1775927224|-8.79|3.19e-06|-4.002|0.8742|0.9782|0.04486
BTCUSD|1775927533|-10.61|3.19e-06|-4.4199|0.874|0.9852|0.051406
BTCUSD|1775927839|-11.0|3.19e-06|-4.2764|0.8704|0.9888|0.068515
BTCUSD|1775928148|-10.76|3.19e-06|-4.232|0.8892|0.9881|0.051814
BTCUSD|1775928454|-10.18|3.19e-06|-4.2521|0.8742|0.9909|0.046304
BTCUSD|1775928763|-12.63|3.19e-06|-4.5399|0.8872|0.9861|0.079067
BTCUSD|1775929069|-13.05|3.19e-06|-4.687|0.8869|1.0138|0.046627
BTCUSD|1775929378|-13.71|3.19e-06|-4.6385|0.8868|1.0146|0.064252
BTCUSD|1775929684|-12.91|3.19e-06|-4.5897|0.8867|0.9974|0.070153
BTCUSD|1775929993|-11.17|3.19e-06|-4.5284|0.8871|0.977|0.059127
BTCUSD|1775930299|-11.04|3.19e-06|-4.2893|0.8704|0.9874|0.072868
BTCUSD|1775930608|-10.64|3.19e-06|-4.3531|0.8707|0.9831|0.064916
BTCUSD|1775930914|-10.36|3.19e-06|-4.295|0.8865|0.9906|0.041034
BTCUSD|1775931223|-10.74|3.19e-06|-4.4426|0.8882|0.981|0.050368
BTCUSD|1775931529|-12.73|3.19e-06|-4.5677|0.8894|1.0117|0.049965
BTCUSD|1775931838|-11.22|3.19e-06|-4.0767|0.8862|1.0178|0.043183
BTCUSD|1775932144|-11.68|3.19e-06|-3.8513|0.886|1.0183|0.067996
BTCUSD|1775932453|-10.48|3.19e-06|-3.9162|0.8781|1.0226|0.038055
BTCUSD|1775932759|-10.53|3.19e-06|-3.8518|0.8771|1.0028|0.068251
BTCUSD|1775933068|-9.92|3.19e-06|-3.6575|0.8743|1.0113|0.059375
BTCUSD|1775933374|-11.46|3.19e-06|-3.5922|0.8751|1.0034|0.107211
BTCUSD|1775933683|-11.07|3.19e-06|-4.0035|0.8722|1.017|0.058299
BTCUSD|1775933989|-10.51|3.19e-06|-3.8984|0.8759|1.0114|0.056387
BTCUSD|1775934298|-10.29|3.19e-06|-3.9276|0.8773|1.0103|0.050158
BTCUSD|1775934604|-10.75|3.19e-06|-3.9065|0.8848|1.0192|0.045414
BTCUSD|1775934913|-10.38|3.19e-06|-3.8911|0.8848|1.0167|0.041336
BTCUSD|1775935219|-11.93|3.19e-06|-3.9067|0.8749|1.0216|0.07744
BTCUSD|1775935528|-10.56|3.19e-06|-4.0609|0.8838|1.0159|0.036712
BTCUSD|1775935834|-12.07|3.19e-06|-4.1744|0.8881|1.028|0.04561
BTCUSD|1775936143|-11.02|3.19e-06|-3.8173|0.8778|1.0255|0.056778
BTCUSD|1775936449|-11.07|3.19e-06|-3.8305|0.8828|1.0246|0.054416
BTCUSD|1775936758|-10.51|3.19e-06|-3.7952|0.867|1.0159|0.067343
BTCUSD|1775937064|-9.22|3.19e-06|-3.5403|0.8735|1.0083|0.059168
BTCUSD|1775937373|-8.83|3.19e-06|-3.6252|0.8808|1.0039|0.044629
BTCUSD|1775937679|-9.77|3.19e-06|-3.7703|0.8647|1.0081|0.064215
BTCUSD|1775937988|-8.38|3.19e-06|-3.4922|0.8648|0.9938|0.06839
BTCUSD|1775938294|-9.24|3.19e-06|-3.4774|0.8642|0.993|0.090072
BTCUSD|1775938603|-8.48|3.19e-06|-3.6218|0.8844|0.9928|0.048147
BTCUSD|1775938909|-6.86|3.19e-06|-3.4555|0.864|0.9762|0.059216
BTCUSD|1775939218|-7.52|3.19e-06|-3.429|0.8841|0.9758|0.059906
BTCUSD|1775939524|-7.59|3.19e-06|-3.3933|0.8823|0.9953|0.042143
BTCUSD|1775939833|-7.67|3.19e-06|-3.5154|0.886|0.9935|0.035517
BTCUSD|1775940139|-8.4|3.19e-06|-3.2049|0.8841|0.998|0.067815
BTCUSD|1775940448|-7.9|3.19e-06|-3.152|0.8823|1.001|0.058257
BTCUSD|1775940754|-7.46|3.19e-06|-3.5109|0.8868|0.975|0.053041
BTCUSD|1775941063|-7.54|3.19e-06|-3.167|0.8783|0.9896|0.0665
BTCUSD|1775941369|-6.79|3.19e-06|-3.1029|0.8802|1.0051|0.034282
BTCUSD|1775941678|-7.02|3.19e-06|-3.4422|0.8828|0.9763|0.049738
BTCUSD|1775941984|-6.68|3.19e-06|-3.3493|0.8782|0.9827|0.044537
BTCUSD|1775942293|-7.74|3.19e-06|-3.3882|0.8789|0.9811|0.066691
BTCUSD|1775942599|-7.46|3.19e-06|-3.1237|0.8784|1.0046|0.050291
BTCUSD|1775942908|-7.75|3.19e-06|-3.1543|0.8783|1.002|0.057903
BTCUSD|1775943214|-7.36|3.19e-06|-3.3906|0.8787|0.9944|0.043226
BTCUSD|1775943523|-7.53|3.19e-06|-3.391|0.8745|0.984|0.062764
BTCUSD|1775943829|-6.38|3.19e-06|-3.2062|0.879|0.9852|0.044489
BTCUSD|1775944138|-6.26|3.19e-06|-3.3146|0.8727|0.9799|0.046394
BTCUSD|1775944444|-6.65|3.19e-06|-3.3959|0.8795|0.9776|0.047119
BTCUSD|1775944753|-8.61|3.19e-06|-3.4126|0.8711|0.9866|0.085024
BTCUSD|1775945059|-6.53|3.19e-06|-3.2457|0.8793|0.9831|0.048051
BTCUSD|1775945368|-7.14|3.19e-06|-3.2479|0.88|0.987|0.056156
BTCUSD|1775945674|-5.42|3.19e-06|-3.0658|0.8772|0.9829|0.03754
BTCUSD|1775945983|-7.66|3.19e-06|-3.4274|0.8711|0.989|0.060799
BTCUSD|1775946289|-8.15|3.19e-06|-3.4035|0.8747|1.0006|0.056669
BTCUSD|1775946598|-10.29|3.19e-06|-3.4166|0.874|0.9901|0.115502
BTCUSD|1775946904|-7.75|3.19e-06|-3.2453|0.8784|1.0063|0.048648
BTCUSD|1775947213|-6.81|3.19e-06|-2.8521|0.8735|1.0105|0.052703
BTCUSD|1775947519|-7.19|3.19e-06|-2.9615|0.8744|1.0065|0.058075
BTCUSD|1775947828|-10.41|3.19e-06|-2.9607|0.8743|1.0171|0.1157
BTCUSD|1775948134|-7.25|3.19e-06|-2.9465|0.8737|1.001|0.067759
BTCUSD|1775948443|-7.91|3.19e-06|-2.9242|0.8687|1.0133|0.073091
BTCUSD|1775948749|-6.45|3.19e-06|-3.1572|0.8683|0.9934|0.050598
BTCUSD|1775949058|-5.87|3.19e-06|-2.9614|0.8807|0.9941|0.03998
BTCUSD|1775949364|-6.73|3.19e-06|-3.2815|0.8833|0.988|0.04331
BTCUSD|1775949673|-9.4|3.19e-06|-3.1281|0.8769|1.0313|0.064797
BTCUSD|1775949979|-10.09|3.19e-06|-3.3311|0.8732|1.023|0.079688
BTCUSD|1775950288|-7.87|3.19e-06|-3.3798|0.8757|0.9959|0.058785
BTCUSD|1775950594|-7.79|3.19e-06|-3.4312|0.8773|0.9945|0.054282
BTCUSD|1775950903|-7.22|3.19e-06|-3.4443|0.8651|0.9948|0.050889
BTCUSD|1775951209|-8.59|3.19e-06|-3.5793|0.874|0.9978|0.061159
BTCUSD|1775951518|-8.66|3.19e-06|-3.7417|0.8671|1.0049|0.049457
BTCUSD|1775951824|-9.1|3.19e-06|-3.787|0.8778|1.0034|0.049354
BTCUSD|1775952133|-8.04|3.126e-05|-3.8681|0.8731|1.0072|0.087355
BTCUSD|1775952439|-4.97|3.126e-05|-3.6272|0.8717|1.0065|0.039195
BTCUSD|1775952748|-5.13|3.126e-05|-3.886|0.8722|0.9978|0.035962
BTCUSD|1775953054|-4.89|3.126e-05|-3.5349|0.8646|1.0016|0.055165
BTCUSD|1775953363|-4.13|3.126e-05|-3.654|0.8758|0.9988|0.025593
BTCUSD|1775953669|-5.21|3.126e-05|-3.6905|0.8684|1.0036|0.046692
BTCUSD|1775953978|-4.98|3.126e-05|-3.6911|0.8686|0.9962|0.050414
BTCUSD|1775954284|-4.02|3.126e-05|-3.4015|0.8727|0.9997|0.041287
BTCUSD|1775954593|-6.25|3.126e-05|-3.7399|0.8759|1.0041|0.059485
BTCUSD|1775954899|-5.76|3.126e-05|-3.8333|0.8762|1.0017|0.045793
BTCUSD|1775955208|-5.44|3.126e-05|-3.7261|0.8892|0.9935|0.045244
BTCUSD|1775955514|-5.86|3.126e-05|-3.9308|0.8776|0.9979|0.04516
BTCUSD|1775955823|-5.48|3.126e-05|-3.4668|0.8776|0.9978|0.067069
BTCUSD|1775956129|-5.41|3.126e-05|-3.9032|0.8809|0.9997|0.032925
BTCUSD|1775956438|-4.77|3.126e-05|-3.7074|0.8686|0.9954|0.046977
BTCUSD|1775956744|-5.7|3.126e-05|-3.9332|0.8718|0.9977|0.04685
BTCUSD|1775957053|-5.25|3.126e-05|-3.8545|0.879|0.9877|0.048585
BTCUSD|1775957359|-7.22|3.126e-05|-3.7482|0.8713|1.0067|0.080922
BTCUSD|1775957668|-7.04|3.126e-05|-3.4663|0.868|0.9852|0.12344
BTCUSD|1775957974|-4.13|3.126e-05|-3.2231|0.9016|1.0108|0.020231
BTCUSD|1775958283|-8.38|3.126e-05|-3.5239|0.8944|1.0233|0.08215
BTCUSD|1775958589|-8.57|3.126e-05|-3.3887|0.8907|1.0365|0.082323
BTCUSD|1775958898|-10.53|3.126e-05|-3.5715|0.9193|1.0348|0.091302
BTCUSD|1775959204|-12.33|3.126e-05|-3.4724|0.9111|1.061|0.11162
BTCUSD|1775959513|-11.7|3.126e-05|-3.4834|0.9145|1.0453|0.113599
BTCUSD|1775959819|-11.08|3.126e-05|-4.2454|0.9224|1.0396|0.052297
BTCUSD|1775960128|-9.85|3.126e-05|-4.2409|0.9237|1.0351|0.031327
BTCUSD|1775960434|-10.58|3.126e-05|-4.1837|0.9191|1.0358|0.053492
BTCUSD|1775960743|-11.56|3.126e-05|-4.1437|0.9155|1.0496|0.063658
BTCUSD|1775961049|-10.42|3.126e-05|-4.047|0.9257|1.0461|0.042078
BTCUSD|1775961358|-11.06|3.126e-05|-4.2356|0.9253|1.0491|0.040371
BTCUSD|1775961664|-10.56|3.126e-05|-3.9673|0.9184|1.0465|0.055927
BTCUSD|1775961973|-11.33|3.126e-05|-4.1152|0.918|1.058|0.049704
BTCUSD|1775962279|-11.18|3.126e-05|-4.0762|0.9184|1.0511|0.057192
BTCUSD|1775962588|-11.25|3.126e-05|-4.2038|0.9166|1.0567|0.045676
BTCUSD|1775962894|-10.55|3.126e-05|-3.9947|0.9207|1.0473|0.052354
BTCUSD|1775963203|-10.28|3.126e-05|-3.8204|0.9189|1.055|0.050519
BTCUSD|1775963509|-8.93|3.126e-05|-3.63|0.916|1.0511|0.041707
BTCUSD|1775963814|-10.66|3.126e-05|-3.8815|0.9127|1.0521|0.063472
BTCUSD|1775964118|-8.66|3.126e-05|-3.6791|0.9106|1.0477|0.041681
BTCUSD|1775964424|-10.6|3.126e-05|-3.8538|0.9198|1.0556|0.054759
BTCUSD|1775964733|-10.45|3.126e-05|-4.1352|0.9185|1.049|0.042503
BTCUSD|1775965039|-8.86|3.126e-05|-3.6573|0.9164|1.0418|0.050299
BTCUSD|1775965348|-8.76|3.126e-05|-4.0151|0.9146|1.0375|0.031913
BTCUSD|1775965654|-9.94|3.126e-05|-3.9655|0.915|1.0417|0.054784
BTCUSD|1775965963|-9.37|3.126e-05|-4.024|0.9174|1.0417|0.037376
BTCUSD|1775966269|-7.89|3.126e-05|-3.8636|0.916|1.0196|0.043931
BTCUSD|1775966578|-10.51|3.126e-05|-4.1304|0.917|1.0241|0.075363
BTCUSD|1775966884|-8.89|3.126e-05|-3.8477|0.9158|1.0223|0.063029
BTCUSD|1775967193|-8.73|3.126e-05|-3.8128|0.9089|1.0341|0.054131
BTCUSD|1775967499|-9.35|3.126e-05|-3.759|0.9207|1.041|0.053012
BTCUSD|1775967808|-9.62|3.126e-05|-3.9386|0.9195|1.0394|0.050182
BTCUSD|1775968114|-9.7|3.126e-05|-3.8632|0.9208|1.0355|0.060433
BTCUSD|1775968423|-8.88|3.126e-05|-3.7944|0.9208|1.0416|0.040839
BTCUSD|1775968729|-8.62|3.126e-05|-3.8881|0.9225|1.0359|0.034933
BTCUSD|1775969038|-9.77|3.126e-05|-3.9475|0.9107|1.0439|0.055335
BTCUSD|1775969344|-8.4|3.126e-05|-3.651|0.9229|1.0391|0.041998
BTCUSD|1775969653|-9.53|3.126e-05|-3.9374|0.9167|1.0306|0.062088
BTCUSD|1775969959|-10.12|3.126e-05|-4.0502|0.9194|1.0408|0.0533
BTCUSD|1775970268|-9.64|3.126e-05|-3.7905|0.9193|1.0426|0.058124
BTCUSD|1775970574|-10.02|3.126e-05|-3.8805|0.9184|1.0403|0.063781
BTCUSD|1775970883|-9.26|3.126e-05|-3.8702|0.9097|1.0531|0.041226
BTCUSD|1775971189|-9.35|3.126e-05|-3.9422|0.9191|1.0454|0.04008
BTCUSD|1775971498|-8.22|3.126e-05|-3.8626|0.9179|1.0354|0.034725
BTCUSD|1775971804|-8.91|3.126e-05|-4.0067|0.9214|1.0366|0.035627
BTCUSD|1775972113|-8.55|3.126e-05|-3.749|0.9045|1.0332|0.062238
BTCUSD|1775972419|-9.72|3.126e-05|-3.8812|0.918|1.0414|0.057764
BTCUSD|1775972728|-9.35|3.126e-05|-3.8746|0.9172|1.0417|0.051117
BTCUSD|1775973034|-10.37|3.126e-05|-4.3993|0.92|1.0335|0.04592
BTCUSD|1775973343|-9.24|3.126e-05|-4.2557|0.9118|1.0261|0.047402
BTCUSD|1775973649|-10.26|3.126e-05|-4.2279|0.9159|1.0313|0.060876
BTCUSD|1775973958|-10.18|3.126e-05|-4.3621|0.9198|1.0275|0.05213
BTCUSD|1775974264|-9.26|3.126e-05|-4.186|0.9195|1.02|0.053543
BTCUSD|1775974573|-11.54|3.126e-05|-4.3031|0.9125|1.0281|0.089205
BTCUSD|1775974879|-10.47|3.126e-05|-3.9943|0.9168|1.028|0.083827
BTCUSD|1775975188|-10.24|3.126e-05|-4.3975|0.9208|1.0219|0.057578
BTCUSD|1775975494|-9.92|3.126e-05|-3.9703|0.9129|1.0362|0.068409
BTCUSD|1775975798|-9.77|3.126e-05|-3.9722|0.9116|1.0359|0.066819
BTCUSD|1775976103|-9.34|3.126e-05|-3.9898|0.9122|1.0363|0.056077
BTCUSD|1775976409|-10.08|3.126e-05|-3.9393|0.9121|1.0365|0.074496
BTCUSD|1775976718|-9.14|3.126e-05|-4.0126|0.9179|1.032|0.051337
BTCUSD|1775977024|-9.32|3.126e-05|-3.8712|0.9157|1.0301|0.068062
BTCUSD|1775977333|-9.24|3.126e-05|-3.9431|0.9162|1.0257|0.066786
BTCUSD|1775977639|-9.53|3.126e-05|-3.9641|0.9142|1.0376|0.059379
BTCUSD|1775977948|-10.65|3.126e-05|-4.3488|0.9235|1.0344|0.054133
BTCUSD|1775978254|-8.84|3.126e-05|-4.1778|0.9234|1.0267|0.037456
BTCUSD|1775978563|-9.48|3.126e-05|-4.2317|0.9209|1.0342|0.040547
BTCUSD|1775978869|-9.02|3.126e-05|-4.1407|0.9189|1.0273|0.046717
BTCUSD|1775979178|-9.33|3.126e-05|-4.2282|0.9207|1.0279|0.045461
BTCUSD|1775979484|-7.96|3.126e-05|-4.0991|0.9145|1.0252|0.034222
BTCUSD|1775979793|-8.17|3.126e-05|-3.9676|0.9234|1.0207|0.044962
BTCUSD|1775980099|-10.98|3.126e-05|-4.0797|0.9229|1.0309|0.083492
BTCUSD|1775980408|-10.1|3.126e-05|-4.5494|0.9229|1.0213|0.047076
BTCUSD|1775980714|-10.11|3.126e-05|-4.3602|0.9142|1.0216|0.066159
BTCUSD|1775981023|-15.82|-1.32e-05|-4.3724|0.9135|0.9909|0.110052
BTCUSD|1775981329|-12.75|-1.32e-05|-4.3174|0.9098|0.9966|0.048577
BTCUSD|1775981638|-13.25|-1.32e-05|-4.2917|0.9105|0.9974|0.058967
BTCUSD|1775981944|-14.76|-1.32e-05|-4.5841|0.9141|0.9972|0.068416
BTCUSD|1775982253|-13.8|-1.32e-05|-4.6825|0.9168|0.9972|0.041045
BTCUSD|1775982559|-14.27|-1.32e-05|-4.6266|0.9151|0.9995|0.053055
BTCUSD|1775982868|-14.9|-1.32e-05|-4.5809|0.9147|1.0029|0.06516
BTCUSD|1775983174|-12.37|-1.32e-05|-4.2178|0.9168|0.9974|0.042239
BTCUSD|1775983483|-13.46|-1.32e-05|-4.4388|0.9138|0.9981|0.051976
BTCUSD|1775983789|-13.09|-1.32e-05|-4.1854|0.9148|0.9981|0.060056
BTCUSD|1775984098|-12.99|-1.32e-05|-4.0607|0.9141|1.0003|0.064219
BTCUSD|1775984404|-13.13|-1.32e-05|-4.1681|0.917|1.0004|0.058042
BTCUSD|1775984713|-12.67|-1.32e-05|-4.0746|0.9178|1.0085|0.045116
BTCUSD|1775985019|-12.78|-1.32e-05|-4.0607|0.9172|1.0067|0.050844
BTCUSD|1775985328|-12.49|-1.32e-05|-4.1373|0.9177|0.9954|0.052949
BTCUSD|1775985634|-13.64|-1.32e-05|-4.1662|0.9183|0.998|0.07082
BTCUSD|1775985943|-12.57|-1.32e-05|-4.087|0.9196|0.996|0.055974
BTCUSD|1775986249|-12.66|-1.32e-05|-3.9803|0.918|0.999|0.062556
BTCUSD|1775986558|-12.7|-1.32e-05|-4.1153|0.9156|0.9967|0.059565
BTCUSD|1775986864|-12.73|-1.32e-05|-4.1375|0.9178|0.9967|0.057161
BTCUSD|1775987173|-11.75|-1.32e-05|-3.8618|0.9176|1.0094|0.04089
BTCUSD|1775987479|-12.57|-1.32e-05|-4.0549|0.916|1.0121|0.043524
BTCUSD|1775987788|-13.29|-1.32e-05|-4.0745|0.9191|1.0119|0.054505
BTCUSD|1775988094|-12.19|-1.32e-05|-3.9417|0.9183|1.0066|0.047982
BTCUSD|1775988403|-13.04|-1.32e-05|-4.1717|0.9202|1.0076|0.047838
BTCUSD|1775988709|-12.16|-1.32e-05|-4.16|0.9175|0.9974|0.045202
BTCUSD|1775989018|-13.47|-1.32e-05|-4.2798|0.9205|1.0004|0.057839
BTCUSD|1775989324|-12.89|-1.32e-05|-4.2774|0.9185|1.0006|0.048079
BTCUSD|1775989633|-12.79|-1.32e-05|-4.234|0.9188|0.9955|0.054704
BTCUSD|1775989939|-11.71|-1.32e-05|-3.9957|0.9119|0.9951|0.054453
BTCUSD|1775990248|-13.0|-1.32e-05|-4.1852|0.9158|1.0056|0.053199
BTCUSD|1775990554|-11.82|-1.32e-05|-4.0035|0.9175|1.0091|0.036199
BTCUSD|1775990863|-11.93|-1.32e-05|-3.8965|0.9167|1.0057|0.049682
BTCUSD|1775991169|-12.8|-1.32e-05|-4.1145|0.9169|1.0014|0.058092
BTCUSD|1775991478|-12.34|-1.32e-05|-4.2386|0.9204|0.9911|0.050358
BTCUSD|1775991784|-14.5|-1.32e-05|-4.3628|0.9202|1.0086|0.065568
BTCUSD|1775992093|-12.67|-1.32e-05|-4.2849|0.9173|0.9942|0.053432
BTCUSD|1775992399|-12.89|-1.32e-05|-4.3065|0.9177|0.9955|0.054689
BTCUSD|1775992708|-12.43|-1.32e-05|-4.0315|0.9174|1.007|0.050377
BTCUSD|1775993014|-12.8|-1.32e-05|-4.1522|0.9176|1.0037|0.053815
BTCUSD|1775993323|-12.77|-1.32e-05|-4.0488|0.9171|1.0034|0.060595
BTCUSD|1775993629|-15.07|-1.32e-05|-4.2578|0.9062|0.9889|0.118051
BTCUSD|1775993938|-11.78|-1.32e-05|-4.2825|0.9089|0.993|0.045343
BTCUSD|1775994244|-12.07|-1.32e-05|-3.9489|0.916|0.9922|0.067436
BTCUSD|1775994553|-11.5|-1.32e-05|-4.0292|0.9194|0.9903|0.05083
BTCUSD|1775994859|-10.78|-1.32e-05|-4.0592|0.9196|0.9848|0.041106
BTCUSD|1775995168|-11.06|-1.32e-05|-4.0718|0.9168|0.9915|0.040614
BTCUSD|1775995474|-11.75|-1.32e-05|-4.042|0.9158|0.9948|0.053286
BTCUSD|1775995783|-10.04|-1.32e-05|-3.8628|0.9068|0.9858|0.048707
BTCUSD|1775996089|-10.49|-1.32e-05|-4.0433|0.9169|0.9897|0.033693
BTCUSD|1775996398|-11.0|-1.32e-05|-4.2222|0.9175|0.9859|0.036528
BTCUSD|1775996704|-11.99|-1.32e-05|-4.1545|0.9173|0.9928|0.052433
BTCUSD|1775997006|-12.24|-1.32e-05|-4.0765|0.9173|0.9953|0.059641
BTCUSD|1775997313|-10.79|-1.32e-05|-3.8108|0.9102|0.9893|0.060803
BTCUSD|1775997619|-11.77|-1.32e-05|-4.0476|0.9172|0.9916|0.056943
BTCUSD|1775997928|-11.67|-1.32e-05|-4.1163|0.9172|0.9886|0.054121
BTCUSD|1775998234|-9.65|-1.32e-05|-3.7436|0.9107|0.9817|0.051514
BTCUSD|1775998543|-11.85|-1.32e-05|-3.5911|0.9184|1.0077|0.068127
BTCUSD|1775998849|-13.81|-1.32e-05|-4.1598|0.9192|1.0022|0.076477
BTCUSD|1775999158|-15.02|-1.32e-05|-4.6021|0.929|1.0074|0.058615
BTCUSD|1775999464|-16.7|-1.32e-05|-4.4451|0.9165|1.0101|0.108253
BTCUSD|1775999773|-15.14|-1.32e-05|-4.8677|0.9292|1.0116|0.03984
BTCUSD|1776000079|-15.83|-1.32e-05|-4.8735|0.9316|1.0117|0.051167
BTCUSD|1776000388|-16.49|-1.32e-05|-5.0423|0.9296|1.0167|0.04962
BTCUSD|1776000694|-15.11|-1.32e-05|-4.9167|0.9089|1.0154|0.048995
BTCUSD|1776001003|-15.91|-1.32e-05|-4.9119|0.9265|1.0182|0.047819
BTCUSD|1776001309|-15.25|-1.32e-05|-4.7493|0.9268|1.0075|0.05739
BTCUSD|1776001618|-14.37|-1.32e-05|-4.7413|0.9255|1.0077|0.041977
BTCUSD|1776001924|-12.31|-1.32e-05|-4.478|0.921|0.9974|0.034257
BTCUSD|1776002233|-14.43|-1.32e-05|-4.5366|0.9262|0.9984|0.066371
BTCUSD|1776002539|-12.45|-1.32e-05|-4.2957|0.9258|0.9997|0.042293
BTCUSD|1776002848|-13.82|-1.32e-05|-4.6066|0.9258|0.9985|0.050858
BTCUSD|1776003154|-15.04|-1.32e-05|-4.9999|0.9278|1.011|0.03431
BTCUSD|1776003463|-15.17|-1.32e-05|-4.8821|0.9258|1.0106|0.046447
BTCUSD|1776003769|-14.5|-1.32e-05|-4.8249|0.9258|1.0045|0.044178
BTCUSD|1776004078|-13.97|-1.32e-05|-4.5535|0.931|1.0079|0.043149
BTCUSD|1776004384|-14.68|-1.32e-05|-4.7121|0.9404|1.0058|0.042102
BTCUSD|1776004693|-15.24|-1.32e-05|-4.7371|0.9374|1.0103|0.048808
BTCUSD|1776004999|-12.81|-1.32e-05|-3.9456|0.9521|1.0119|0.038026
BTCUSD|1776005308|-15.56|-1.32e-05|-4.0903|0.9515|1.0126|0.081634
BTCUSD|1776005614|-14.67|-1.32e-05|-4.0857|0.9505|1.0087|0.070341
BTCUSD|1776005923|-14.74|-1.32e-05|-4.329|0.9428|1.0077|0.063998
BTCUSD|1776006229|-15.34|-1.32e-05|-4.7909|0.955|0.9995|0.046593
BTCUSD|1776006538|-13.76|-1.32e-05|-4.5171|0.9503|0.9964|0.04097
BTCUSD|1776006844|-13.46|-1.32e-05|-4.5932|0.953|0.9894|0.036427
BTCUSD|1776007153|-14.27|-1.32e-05|-4.5016|0.9528|0.9971|0.049296
BTCUSD|1776007459|-13.54|-1.32e-05|-4.5009|0.9506|1.0003|0.033707
BTCUSD|1776007768|-14.17|-1.32e-05|-4.5069|0.9488|0.9956|0.052243
BTCUSD|1776008074|-14.43|-1.32e-05|-4.5591|0.953|0.9979|0.048325
BTCUSD|1776008383|-13.37|-1.32e-05|-4.5976|0.953|0.9922|0.032404
BTCUSD|1776008689|-15.48|-1.32e-05|-4.6365|0.9491|1.0002|0.064477
BTCUSD|1776008998|-15.43|-1.32e-05|-4.7758|0.9532|0.9956|0.057047
BTCUSD|1776009304|-15.82|-1.32e-05|-4.9109|0.9509|0.9971|0.056388
BTCUSD|1776009613|-14.73|1.26e-06|-4.5849|0.9474|0.9996|0.090342
BTCUSD|1776009919|-14.26|1.26e-06|-4.994|0.9551|1.0002|0.049458
BTCUSD|1776010228|-11.02|1.26e-06|-4.6607|0.9449|1.0006|0.016486
BTCUSD|1776010534|-15.1|1.26e-06|-4.8884|0.9539|0.9988|0.074836
BTCUSD|1776010843|-13.49|1.26e-06|-4.6948|0.9513|1.0034|0.053462
BTCUSD|1776011149|-14.55|1.26e-06|-4.963|0.9537|0.9965|0.063044
BTCUSD|1776011458|-13.3|1.26e-06|-4.9899|0.9555|0.9959|0.037206
BTCUSD|1776011764|-15.6|1.26e-06|-4.9701|0.9539|1.0036|0.074715
BTCUSD|1776012073|-14.86|1.26e-06|-4.7081|0.9516|1.001|0.081951
BTCUSD|1776012379|-13.84|1.26e-06|-4.8287|0.9532|1.0028|0.0521
BTCUSD|1776012688|-12.21|1.26e-06|-4.7825|0.9534|1.002|0.025108
BTCUSD|1776012994|-14.07|1.26e-06|-4.7073|0.9525|1.0014|0.066437
BTCUSD|1776013303|-14.44|1.26e-06|-5.0222|0.9541|0.9935|0.061868
BTCUSD|1776013609|-14.77|1.26e-06|-5.2617|0.9539|0.9964|0.050423
BTCUSD|1776013916|-14.48|1.26e-06|-4.8529|0.946|0.9966|0.076541
BTCUSD|1776014218|-13.68|1.26e-06|-5.1367|0.9446|0.9944|0.047763
BTCUSD|1776014524|-15.02|1.26e-06|-5.1458|0.9472|1.0007|0.063538
BTCUSD|1776014833|-14.13|1.26e-06|-5.1886|0.9451|0.9976|0.049585
BTCUSD|1776015139|-13.31|1.26e-06|-4.9528|0.947|1.0022|0.042099
BTCUSD|1776015448|-12.62|1.26e-06|-4.7559|0.9436|0.9977|0.049294
BTCUSD|1776015754|-12.29|1.26e-06|-4.8106|0.9451|0.9973|0.039199
BTCUSD|1776016063|-13.78|1.26e-06|-4.7428|0.9453|1.0029|0.06496
BTCUSD|1776016369|-13.79|1.26e-06|-5.1164|0.9468|0.9954|0.049805
BTCUSD|1776016678|-13.34|1.26e-06|-4.8925|0.9435|0.9955|0.057756
BTCUSD|1776016984|-12.57|1.26e-06|-5.0515|0.9381|0.992|0.042006
BTCUSD|1776017293|-13.55|1.26e-06|-4.9041|0.9269|0.9998|0.069745
BTCUSD|1776017599|-13.17|1.26e-06|-4.9503|0.9446|0.9982|0.047744
BTCUSD|1776017908|-12.19|1.26e-06|-4.8393|0.9349|0.9967|0.045791
BTCUSD|1776018214|-12.38|1.26e-06|-4.7268|0.9349|0.9978|0.055247
BTCUSD|1776018523|-11.96|1.26e-06|-4.8639|0.947|0.9905|0.037852
BTCUSD|1776018829|-13.63|1.26e-06|-4.9945|0.947|0.9978|0.052896
BTCUSD|1776019138|-13.25|1.26e-06|-4.9404|0.9443|1.0012|0.047605
BTCUSD|1776019444|-12.98|1.26e-06|-4.9771|0.9353|0.9982|0.051181
BTCUSD|1776019753|-12.93|1.26e-06|-4.9208|0.9223|1.0025|0.059233
BTCUSD|1776020059|-12.98|1.26e-06|-4.8933|0.9414|0.9998|0.049888
BTCUSD|1776020368|-14.64|1.26e-06|-5.1024|0.9408|0.9946|0.074621
BTCUSD|1776020674|-13.13|1.26e-06|-5.1919|0.9333|0.9923|0.04983
BTCUSD|1776020983|-12.99|1.26e-06|-5.0673|0.9421|0.9914|0.04918
BTCUSD|1776021289|-13.54|1.26e-06|-4.9258|0.9443|0.9987|0.058268
BTCUSD|1776021598|-13.13|1.26e-06|-5.1105|0.9404|0.9979|0.043482
BTCUSD|1776021904|-13.88|1.26e-06|-5.2156|0.9445|0.9912|0.055581
BTCUSD|1776022207|-12.53|1.26e-06|-5.0266|0.944|0.9924|0.041325
BTCUSD|1776022513|-13.41|1.26e-06|-5.0239|0.9441|0.9925|0.05772
BTCUSD|1776022819|-12.44|1.26e-06|-4.9909|0.9419|0.988|0.04894
BTCUSD|1776023128|-14.07|1.26e-06|-4.8264|0.9423|0.9898|0.086945
BTCUSD|1776023434|-13.19|1.26e-06|-4.8728|0.9407|0.9908|0.068125
BTCUSD|1776023743|-12.49|1.26e-06|-4.9819|0.942|0.9898|0.048751
BTCUSD|1776024049|-11.94|1.26e-06|-4.8246|0.9423|0.9919|0.045865
BTCUSD|1776024358|-11.65|1.26e-06|-4.7129|0.9397|0.9946|0.046431
BTCUSD|1776024664|-12.32|1.26e-06|-4.9347|0.9387|0.9972|0.043367
BTCUSD|1776024973|-12.13|1.26e-06|-4.929|0.9253|0.9894|0.059779
BTCUSD|1776025279|-12.64|1.26e-06|-5.0077|0.9419|0.9921|0.04838
BTCUSD|1776025588|-12.75|1.26e-06|-5.0593|0.9421|0.9928|0.04647
BTCUSD|1776025894|-12.62|1.26e-06|-5.1061|0.9426|0.9925|0.041429
BTCUSD|1776026203|-12.65|1.26e-06|-5.2298|0.9421|0.9956|0.031528
BTCUSD|1776026509|-10.65|1.26e-06|-4.6874|0.9395|0.9906|0.035488
BTCUSD|1776026818|-11.21|1.26e-06|-4.9124|0.9331|0.9919|0.03588
BTCUSD|1776027124|-8.9|1.26e-06|-4.6063|0.9418|0.9698|0.030281
BTCUSD|1776027433|-9.39|1.26e-06|-4.6832|0.9289|0.9702|0.044637
BTCUSD|1776027739|-11.11|1.26e-06|-4.7648|0.9378|0.9792|0.054117
BTCUSD|1776028048|-9.71|1.26e-06|-4.5574|0.9289|0.9701|0.058407
BTCUSD|1776028354|-11.76|1.26e-06|-4.583|0.9403|0.9984|0.053606
BTCUSD|1776028663|-10.17|1.26e-06|-4.8823|0.9415|0.976|0.030856
BTCUSD|1776028969|-10.65|1.26e-06|-4.7629|0.9395|0.9753|0.049493
BTCUSD|1776029278|-11.91|1.26e-06|-4.6981|0.9394|0.9759|0.076002
BTCUSD|1776029584|-11.62|1.26e-06|-4.6971|0.93|0.9903|0.06201
BTCUSD|1776029893|-9.96|1.26e-06|-4.8061|0.9311|0.9758|0.040833
BTCUSD|1776030199|-8.58|1.26e-06|-4.6829|0.9299|0.9661|0.035077
BTCUSD|1776030508|-12.08|1.26e-06|-4.8294|0.9401|0.9772|0.069684
BTCUSD|1776030814|-10.21|1.26e-06|-4.572|0.9401|0.9913|0.035185
BTCUSD|1776031123|-10.02|1.26e-06|-4.7772|0.9417|0.9766|0.034792
BTCUSD|1776031429|-14.02|1.26e-06|-4.7263|0.9448|0.9979|0.084592
BTCUSD|1776031738|-12.48|1.26e-06|-4.8976|0.9438|0.9939|0.051627
BTCUSD|1776032044|-12.53|1.26e-06|-5.0191|0.9459|0.9994|0.037423
BTCUSD|1776032353|-11.11|1.26e-06|-4.6972|0.9434|0.9987|0.033934
BTCUSD|1776032659|-11.25|1.26e-06|-4.592|0.9451|1.0034|0.036302
BTCUSD|1776032968|-10.96|1.26e-06|-4.6367|0.9463|0.9991|0.032418
BTCUSD|1776033274|-13.2|1.26e-06|-4.8286|0.955|1.0021|0.051475
BTCUSD|1776033583|-11.05|1.26e-06|-4.7411|0.9263|0.9959|0.047477
BTCUSD|1776033889|-9.97|1.26e-06|-4.8111|0.9312|1.0001|0.015075
BTCUSD|1776034198|-10.87|1.26e-06|-4.6744|0.9142|1.006|0.046648
BTCUSD|1776034504|-11.65|1.26e-06|-4.855|0.9335|1.0052|0.035646
BTCUSD|1776034813|-15.74|1.26e-06|-4.9793|0.9268|0.9996|0.114523
BTCUSD|1776035119|-11.36|1.26e-06|-4.7137|0.9559|1.0061|0.020489
BTCUSD|1776035428|-10.4|1.26e-06|-4.6214|0.9547|0.9991|0.017801
BTCUSD|1776035734|-11.65|1.26e-06|-4.6231|0.9557|1.0039|0.034152
BTCUSD|1776036043|-11.22|1.26e-06|-4.6483|0.9507|1.0039|0.029023
BTCUSD|1776036349|-10.73|1.26e-06|-4.6681|0.9507|1.0038|0.01925
BTCUSD|1776036658|-10.91|1.26e-06|-4.6362|0.9543|1.0042|0.021247
BTCUSD|1776036964|-12.48|1.26e-06|-4.8073|0.9547|1.0005|0.043339
BTCUSD|1776037273|-11.05|1.26e-06|-4.8692|0.9576|1.0023|0.009606
BTCUSD|1776037579|-11.52|1.26e-06|-5.0021|0.9544|0.9953|0.020643
BTCUSD|1776037888|-11.52|1.26e-06|-4.9783|0.9579|0.9971|0.01754
BTCUSD|1776038194|-10.77|1.26e-06|-4.8435|0.9571|0.9969|0.013075
BTCUSD|1776038503|-13.29|-2.34e-06|-4.6562|0.9499|1.0077|0.055064
BTCUSD|1776038809|-13.12|-2.34e-06|-4.8033|0.9557|1.0069|0.039438
BTCUSD|1776039118|-13.5|-2.34e-06|-5.1279|0.9557|0.9965|0.038888
BTCUSD|1776039424|-12.28|-2.34e-06|-4.8558|0.9562|1.001|0.027837
BTCUSD|1776039733|-11.38|-2.34e-06|-4.8049|0.9584|0.9964|0.018302
BTCUSD|1776040039|-13.7|-2.34e-06|-4.8021|0.9531|0.9975|0.063463
BTCUSD|1776040348|-12.14|-2.34e-06|-4.9169|0.9561|0.9951|0.028862
BTCUSD|1776040654|-12.63|-2.34e-06|-4.8593|0.9472|0.9975|0.045725
BTCUSD|1776040963|-11.16|-2.34e-06|-4.6793|0.9353|0.9984|0.038648
BTCUSD|1776041269|-12.85|-2.34e-06|-4.789|0.9546|0.9985|0.047277
BTCUSD|1776041578|-12.59|-2.34e-06|-4.5077|0.9444|0.9982|0.068087
BTCUSD|1776041884|-8.91|-2.34e-06|-4.1578|0.9384|0.9959|0.030355
BTCUSD|1776042193|-10.2|-2.34e-06|-4.3238|0.9493|0.998|0.032628
BTCUSD|1776042499|-10.0|-2.34e-06|-4.3849|0.9448|0.9962|0.03106
BTCUSD|1776042808|-11.45|-2.34e-06|-4.4711|0.9414|1.002|0.048285
BTCUSD|1776043114|-12.27|-2.34e-06|-4.8027|0.933|0.9924|0.060679
BTCUSD|1776043423|-11.74|-2.34e-06|-5.0238|0.9368|0.9952|0.031788
BTCUSD|1776043729|-9.93|-2.34e-06|-4.3763|0.9445|0.9982|0.028954
BTCUSD|1776044038|-12.2|-2.34e-06|-4.6307|0.9526|0.9952|0.051542
BTCUSD|1776044344|-9.27|-2.34e-06|-4.3109|0.9314|0.9992|0.030514
BTCUSD|1776044653|-10.83|-2.34e-06|-4.3726|0.9462|0.9988|0.043636
BTCUSD|1776044959|-10.56|-2.34e-06|-4.4067|0.9424|0.997|0.041944
BTCUSD|1776045268|-11.43|-2.34e-06|-4.4198|0.9427|0.9984|0.054998
BTCUSD|1776045574|-10.04|-2.34e-06|-4.3046|0.9432|1.001|0.033842
BTCUSD|1776045883|-9.52|-2.34e-06|-4.5142|0.9231|0.9948|0.034983
BTCUSD|1776046189|-9.57|-2.34e-06|-4.2755|0.9229|1.0039|0.040202
BTCUSD|1776046498|-12.0|-2.34e-06|-4.7411|0.9402|1.0005|0.04592
BTCUSD|1776046804|-12.36|-2.34e-06|-4.8606|0.9489|0.9996|0.039442
BTCUSD|1776047113|-13.29|-2.34e-06|-4.5918|0.9464|0.9913|0.08376
BTCUSD|1776047419|-10.89|-2.34e-06|-4.4159|0.9464|0.9922|0.050531
BTCUSD|1776047728|-9.01|-2.34e-06|-4.3454|0.9255|0.9933|0.036647
BTCUSD|1776048034|-11.9|-2.34e-06|-4.9704|0.9461|0.9964|0.031031
BTCUSD|1776048343|-9.88|-2.34e-06|-4.7228|0.9466|0.9967|0.009286
BTCUSD|1776048649|-11.35|-2.34e-06|-4.7624|0.9448|0.9929|0.03904
BTCUSD|1776048958|-11.33|-2.34e-06|-4.9661|0.9467|1.0013|0.015539
BTCUSD|1776049264|-11.35|-2.34e-06|-4.7732|0.9281|0.9931|0.051513
BTCUSD|1776049573|-11.83|-2.34e-06|-4.8378|0.9439|0.9882|0.04941
BTCUSD|1776049879|-11.1|-2.34e-06|-4.864|0.9434|1.0|0.022093
BTCUSD|1776050239|-12.81|-2.34e-06|-4.8498|0.9488|0.9961|0.053658
BTCUSD|1776050239|-12.81|-2.34e-06|-4.8498|0.9488|0.9961|0.053658
BTCUSD|1776050548|-9.97|-2.34e-06|-4.8141|0.9393|0.9965|0.012631
BTCUSD|1776050854|-9.2|-2.34e-06|-4.657|0.948|0.988|0.011307
BTCUSD|1776051163|-10.8|-2.34e-06|-4.7657|0.9459|0.9911|0.031316
BTCUSD|1776051469|-10.33|-2.34e-06|-4.7837|0.9351|0.9913|0.030381
BTCUSD|1776051778|-13.08|-2.34e-06|-5.0424|0.9539|0.9912|0.049028
BTCUSD|1776052084|-10.93|-2.34e-06|-4.7949|0.9536|0.9886|0.029154
BTCUSD|1776052393|-11.5|-2.34e-06|-5.0127|0.9478|0.9917|0.027365
BTCUSD|1776052699|-10.4|-2.34e-06|-4.7171|0.9481|0.9906|0.026737
BTCUSD|1776053008|-11.35|-2.34e-06|-4.8662|0.9481|0.9885|0.037177
BTCUSD|1776053314|-8.87|-2.34e-06|-4.6956|0.9216|0.9849|0.028653
BTCUSD|1776053623|-11.06|-2.34e-06|-4.8778|0.9462|0.98|0.042778
BTCUSD|1776053929|-10.79|-2.34e-06|-4.8235|0.9436|0.9854|0.037354
BTCUSD|1776054238|-10.9|-2.34e-06|-4.8811|0.9334|0.9902|0.038579
BTCUSD|1776054544|-10.32|-2.34e-06|-4.7374|0.9429|0.9916|0.027877
BTCUSD|1776054853|-9.96|-2.34e-06|-4.8734|0.94|0.9865|0.021589
BTCUSD|1776055159|-10.43|-2.34e-06|-4.9058|0.924|0.9869|0.040245
ETHUSD|1775886553|18.85|3.328e-05|-1.4801|0.6859|0.918|0.061521
ETHUSD|1775889378|18.5|3.328e-05|-1.5903|0.6889|0.917|0.061794
ETHUSD|1775891911|19.59|3.328e-05|-1.442|0.6727|0.9233|0.056381
ETHUSD|1775892226|20.18|3.328e-05|-1.6447|0.6807|0.9166|0.047187
ETHUSD|1775892541|17.9|3.328e-05|-1.6992|0.6707|0.9207|0.069538
ETHUSD|1775892856|20.19|3.328e-05|-1.6292|0.68|0.9174|0.047192
ETHUSD|1775893171|16.88|3.328e-05|-1.8897|0.672|0.9228|0.072937
ETHUSD|1775893486|16.72|3.328e-05|-1.75|0.6715|0.9205|0.079934
ETHUSD|1775893801|16.55|3.328e-05|-1.7945|0.6728|0.9253|0.076385
ETHUSD|1775894116|19.51|3.328e-05|-1.9429|0.6732|0.9231|0.044566
ETHUSD|1775894431|39.61|6.516e-05|-1.8185|0.6266|0.3472|0.053289
ETHUSD|1775894746|27.39|6.516e-05|-2.1265|0.6804|0.9255|0.052157
ETHUSD|1775895061|28.42|6.516e-05|-2.0067|0.6802|0.9219|0.047643
ETHUSD|1775895376|26.63|6.516e-05|-1.9111|0.6832|0.9196|0.06846
ETHUSD|1775895685|26.69|6.516e-05|-2.2944|0.6832|0.9272|0.052581
ETHUSD|1775895991|28.41|6.516e-05|-1.9587|0.683|0.9257|0.044964
ETHUSD|1775896306|27.42|6.516e-05|-2.0583|0.6829|0.9344|0.045847
ETHUSD|1775896621|26.78|6.516e-05|-2.1347|0.6829|0.9311|0.052827
ETHUSD|1775896936|25.14|6.516e-05|-2.0119|0.6829|0.937|0.067837
ETHUSD|1775897251|27.86|6.516e-05|-1.9141|0.6827|0.9287|0.049441
ETHUSD|1775897566|27.59|6.516e-05|-1.9735|0.6827|0.9326|0.047674
ETHUSD|1775897881|26.85|6.516e-05|-2.0165|0.6827|0.9322|0.05438
ETHUSD|1775898196|26.55|6.516e-05|-1.7522|0.6825|0.9331|0.063339
ETHUSD|1775898511|27.33|6.516e-05|-1.7073|0.6837|0.934|0.05551
ETHUSD|1775898826|26.33|6.516e-05|-1.8906|0.6837|0.9338|0.061079
ETHUSD|1775899141|28.22|6.516e-05|-1.864|0.6842|0.9295|0.045837
ETHUSD|1775899456|25.07|6.516e-05|-1.8235|0.6838|0.9369|0.072981
ETHUSD|1775899771|26.62|6.516e-05|-2.121|0.6839|0.9342|0.052087
ETHUSD|1775900086|22.95|6.516e-05|-1.5484|0.6838|0.9384|0.140243
ETHUSD|1775900401|3.24|6.516e-05|-1.8352|0.6815|0.9312|0.071051
ETHUSD|1775900716|5.77|6.516e-05|-1.7888|0.684|0.9379|0.056835
ETHUSD|1775901031|6.08|6.516e-05|-1.7889|0.684|0.9381|0.054384
ETHUSD|1775901346|13.6|6.516e-05|-1.7987|0.6701|0.9399|0.056833
ETHUSD|1775901661|13.3|6.516e-05|-1.8335|0.6713|0.9317|0.047224
ETHUSD|1775901976|9.05|6.516e-05|-1.7523|0.6702|0.9332|0.090715
ETHUSD|1775902291|13.34|6.516e-05|-1.6922|0.6703|0.9275|0.082031
ETHUSD|1775902606|6.82|6.516e-05|-1.6576|0.6832|0.9305|0.078588
ETHUSD|1775902921|15.5|6.516e-05|-1.7054|0.6706|0.9345|0.062229
ETHUSD|1775903236|9.75|6.516e-05|-1.9092|0.6691|0.9283|0.050164
ETHUSD|1775903551|12.51|6.516e-05|-1.8336|0.669|0.9332|0.051285
ETHUSD|1775903866|3.51|6.516e-05|-1.9493|0.6702|0.93|0.066723
ETHUSD|1775904181|17.26|6.516e-05|-1.6129|0.6701|0.9319|0.073653
ETHUSD|1775904496|28.64|6.516e-05|-1.4067|0.67|0.933|0.056271
ETHUSD|1775904811|19.39|6.516e-05|-1.6324|0.6703|0.9304|0.05089
ETHUSD|1775905126|16.97|6.516e-05|-1.6359|0.6726|0.9321|0.052425
ETHUSD|1775905441|19.78|6.516e-05|-1.5058|0.6726|0.9358|0.062701
ETHUSD|1775905756|14.36|6.516e-05|-1.6348|0.6726|0.9347|0.061091
ETHUSD|1775906071|17.99|6.516e-05|-1.572|0.6725|0.9291|0.056892
ETHUSD|1775906386|8.91|6.516e-05|-1.7358|0.674|0.9364|0.058909
ETHUSD|1775906701|10.28|6.516e-05|-1.7295|0.674|0.9389|0.052413
ETHUSD|1775907016|15.77|6.516e-05|-1.5141|0.674|0.9376|0.069427
ETHUSD|1775907331|14.18|6.516e-05|-1.6504|0.674|0.9356|0.048879
ETHUSD|1775907646|14.85|6.516e-05|-1.582|0.674|0.9364|0.058229
ETHUSD|1775907961|14.53|6.516e-05|-1.5304|0.6732|0.9388|0.070659
ETHUSD|1775908276|21.37|6.516e-05|-1.6563|0.6582|0.9369|0.062586
ETHUSD|1775908591|-0.05|6.516e-05|-1.6168|0.6888|0.938|0.067645
ETHUSD|1775908906|-11.02|6.516e-05|-1.8405|0.6887|0.9299|0.077026
ETHUSD|1775909221|-6.77|6.516e-05|-1.7534|0.6881|0.935|0.076377
ETHUSD|1775909536|-4.0|6.516e-05|-1.8116|0.6865|0.9314|0.05878
ETHUSD|1775909851|-10.91|6.516e-05|-1.897|0.6864|0.9382|0.071714
ETHUSD|1775910166|-9.88|6.516e-05|-1.8491|0.6882|0.9296|0.074431
ETHUSD|1775910481|-3.31|6.516e-05|-1.8278|0.6861|0.9309|0.05594
ETHUSD|1775910796|-4.77|6.516e-05|-1.8221|0.688|0.9306|0.05817
ETHUSD|1775911111|-9.39|6.516e-05|-1.8896|0.6881|0.9394|0.062582
ETHUSD|1775911242|3.47|6.516e-05|-1.8877|0.6881|0.9389|0.061247
ETHUSD|1775911546|3.18|6.516e-05|-1.9852|0.6897|0.936|0.063429
ETHUSD|1775911861|2.79|6.516e-05|-1.9814|0.6902|0.9415|0.065653
ETHUSD|1775912176|3.55|6.516e-05|-1.8325|0.6901|0.934|0.066344
ETHUSD|1775912491|4.45|6.516e-05|-1.9853|0.6868|0.9447|0.0254
ETHUSD|1775912806|3.83|6.516e-05|-1.7643|0.6866|0.9416|0.058621
ETHUSD|1775913121|3.65|6.516e-05|-2.0069|0.6922|0.943|0.039155
ETHUSD|1775913436|3.06|6.516e-05|-1.7248|0.6914|0.9417|0.074153
ETHUSD|1775913751|2.68|6.516e-05|-2.1237|0.69|0.9454|0.053782
ETHUSD|1775914066|2.22|6.516e-05|-2.1724|0.6916|0.9518|0.051992
ETHUSD|1775914381|2.0|6.516e-05|-1.9002|0.7051|0.9434|0.071
ETHUSD|1775914696|2.06|6.516e-05|-1.7913|0.7051|0.9485|0.070569
ETHUSD|1775915011|1.71|6.516e-05|-2.0728|0.7046|0.9467|0.062683
ETHUSD|1775915326|1.73|6.516e-05|-2.3127|0.7031|0.9481|0.046177
ETHUSD|1775915641|1.91|6.516e-05|-2.2759|0.7026|0.9489|0.043951
ETHUSD|1775915956|0.82|6.516e-05|-2.1884|0.688|0.9535|0.085668
ETHUSD|1775916271|2.35|6.516e-05|-1.8078|0.6912|0.9468|0.079417
ETHUSD|1775916586|3.35|6.516e-05|-1.8893|0.6902|0.9493|0.048357
ETHUSD|1775916901|2.53|6.516e-05|-2.146|0.6902|0.9482|0.051723
ETHUSD|1775917216|3.74|6.516e-05|-1.8313|0.6904|0.9508|0.040787
ETHUSD|1775917531|3.24|6.516e-05|-2.0213|0.6902|0.9529|0.037448
ETHUSD|1775917846|0.63|6.516e-05|-1.9866|0.6929|0.945|0.107807
ETHUSD|1775918161|2.49|6.516e-05|-2.2309|0.6908|0.9486|0.045718
ETHUSD|1775918476|1.81|6.516e-05|-2.1074|0.6925|0.9506|0.065646
ETHUSD|1775918791|2.54|6.516e-05|-2.2048|0.6893|0.949|0.047303
ETHUSD|1775919106|1.49|6.516e-05|-2.481|0.6939|0.9486|0.049058
ETHUSD|1775919421|2.76|6.516e-05|-2.102|0.69|0.9447|0.053287
ETHUSD|1775919727|3.7|6.516e-05|-1.8493|0.694|0.9398|0.049697
ETHUSD|1775920036|2.53|6.516e-05|-2.1857|0.6941|0.9445|0.048816
ETHUSD|1775920351|2.22|6.516e-05|-2.0789|0.6941|0.9483|0.058414
ETHUSD|1775920666|-2.48|6.516e-05|-2.1342|0.6917|0.9576|0.156021
ETHUSD|1775920981|2.22|6.516e-05|-2.0046|0.6919|0.9532|0.060027
ETHUSD|1775921296|2.6|6.516e-05|-2.0009|0.6913|0.9553|0.049355
ETHUSD|1775921611|3.1|6.516e-05|-1.8906|0.6902|0.9477|0.055375
ETHUSD|1775921926|1.62|6.516e-05|-1.9352|0.6932|0.9537|0.076486
ETHUSD|1775922241|2.41|6.516e-05|-2.0917|0.693|0.9489|0.053625
ETHUSD|1775922556|2.68|6.516e-05|-1.9935|0.6929|0.9532|0.048692
ETHUSD|1775922871|2.1|6.516e-05|-2.0012|0.6979|0.9534|0.056028
ETHUSD|1775923186|2.59|6.516e-05|-1.9988|0.6932|0.9489|0.055108
ETHUSD|1775923501|-4.45|-7.54e-06|-2.0653|0.693|0.9531|0.034905
ETHUSD|1775923816|-4.88|-7.54e-06|-1.8756|0.691|0.9493|0.064493
ETHUSD|1775924131|-5.07|-7.54e-06|-2.1507|0.693|0.9509|0.04645
ETHUSD|1775924446|-5.91|-7.54e-06|-1.9222|0.6911|0.9578|0.075157
ETHUSD|1775924761|-3.71|-7.54e-06|-2.0306|0.692|0.9482|0.027803
ETHUSD|1775925076|-4.06|-7.54e-06|-1.8895|0.6902|0.944|0.05226
ETHUSD|1775925391|-3.5|-7.54e-06|-1.9612|0.6902|0.9436|0.03513
ETHUSD|1775925706|-10.51|-7.54e-06|-1.9687|0.6715|0.9736|0.180655
ETHUSD|1775926021|-2.27|-7.54e-06|-1.6179|0.6728|0.9683|0.019007
ETHUSD|1775926336|-3.5|-7.54e-06|-1.5393|0.6772|0.97|0.045996
ETHUSD|1775926651|-4.46|-7.54e-06|-1.5642|0.6772|0.9757|0.059725
ETHUSD|1775926966|-2.8|-7.54e-06|-1.6602|0.6772|0.9754|0.015484
ETHUSD|1775927281|-5.26|-7.54e-06||0.675||0.064441
ETHUSD|1775927611|-2.96|-7.54e-06|-1.4304|0.6741|0.9696|0.045142
ETHUSD|1775927926|-2.85|-7.54e-06|-1.3987|0.6735|0.9623|0.054095
ETHUSD|1775928241|-4.37|-7.54e-06|-1.7375|0.678|0.9729|0.048961
ETHUSD|1775928556|-3.56|-7.54e-06|-1.496|0.6727|0.9737|0.051354
ETHUSD|1775928871|-5.29|-7.54e-06|-1.6666|0.6775|0.9696|0.07927
ETHUSD|1775929186|-4.11|-7.54e-06|-1.561|0.6699|0.9818|0.053016
ETHUSD|1775929501|-3.91|-7.54e-06|-1.6307|0.6694|0.9804|0.046183
ETHUSD|1775929816|-4.78|-7.54e-06|-1.5988|0.6694|0.9823|0.065913
ETHUSD|1775930131|-3.48|-7.54e-06|-1.5529|0.6694|0.9836|0.037829
ETHUSD|1775930446|-3.5|-7.54e-06|-1.5609|0.6694|0.9753|0.047784
ETHUSD|1775930761|-3.66|-7.54e-06|-1.6586|0.6698|0.9769|0.042729
ETHUSD|1775931076|-4.58|-7.54e-06|-1.497|0.6728|0.9841|0.062612
ETHUSD|1775931391|-3.83|-7.54e-06|-1.5971|0.6742|0.983|0.038893
ETHUSD|1775931706|-4.08|-7.54e-06|-1.6073|0.6746|0.9736|0.054775
ETHUSD|1775932021|-5.24|-7.54e-06|-1.7231|0.6778|0.9846|0.056753
ETHUSD|1775932336|-13.69|-7.54e-06|-1.925|0.6777|0.973|0.250354
ETHUSD|1775932644|-10.03|-7.54e-06|-2.5337|0.6755|0.9855|0.113501
ETHUSD|1775932951|-7.64|-7.54e-06|-2.0874|0.6677|0.995|0.086291
ETHUSD|1775933266|-7.2|-7.54e-06|-2.0008|0.6726|0.9918|0.080767
ETHUSD|1775933581|-5.82|-7.54e-06|-1.9267|0.6652|1.0003|0.052322
ETHUSD|1775933896|-5.96|-7.54e-06|-2.0887|0.6631|0.998|0.049723
ETHUSD|1775934211|-7.03|-7.54e-06|-2.3706|0.6638|0.9986|0.053732
ETHUSD|1775934526|-8.04|-7.54e-06|-1.8805|0.6638|1.0127|0.092764
ETHUSD|1775934841|-7.69|-7.54e-06|-1.7454|0.6641|1.0243|0.079658
ETHUSD|1775935156|-10.51|-7.54e-06|-1.5637|0.6624|1.0177|0.165914
ETHUSD|1775935471|-5.58|-7.54e-06|-1.5146|0.6693|1.017|0.051249
ETHUSD|1775935786|-5.85|-7.54e-06|-1.3876|0.6714|1.0223|0.057287
ETHUSD|1775936101|-5.87|-7.54e-06|-1.8705|0.6547|1.027|0.037689
ETHUSD|1775936416|-5.06|-7.54e-06|-1.8104|0.6561|1.0205|0.029971
ETHUSD|1775936731|-5.02|-7.54e-06|-1.5055|0.6546|1.0289|0.041203
ETHUSD|1775937046|-4.51|-7.54e-06|-1.4516|0.6572|1.0224|0.038619
ETHUSD|1775937361|-6.82|-7.54e-06|-1.5367|0.6531|1.0314|0.078613
ETHUSD|1775937676|-5.78|-7.54e-06|-1.8734|0.6522|1.0375|0.026338
ETHUSD|1775937991|-6.45|-7.54e-06|-2.044|0.6526|1.0262|0.043317
ETHUSD|1775938306|-8.35|-7.54e-06|-2.3455|0.6528|1.0192|0.074096
ETHUSD|1775938621|-7.41|-7.54e-06|-2.4202|0.6563|1.0255|0.036814
ETHUSD|1775938936|-5.33|-7.54e-06|-2.0146|0.6533|1.0238|0.022998
ETHUSD|1775939251|-5.66|-7.54e-06|-1.9979|0.6525|1.0248|0.031243
ETHUSD|1775939566|-5.98|-7.54e-06|-1.5437|0.6561|1.0246|0.0656
ETHUSD|1775939881|-8.17|-7.54e-06|-1.6039|0.6561|1.031|0.10322
ETHUSD|1775940196|-6.4|-7.54e-06|-1.9751|0.6561|1.0251|0.045754
ETHUSD|1775940511|-6.27|-7.54e-06|-1.7972|0.6604|1.0253|0.050029
ETHUSD|1775940826|-6.73|-7.54e-06|-1.9944|0.6565|1.0261|0.050407
ETHUSD|1775941141|-6.2|-7.54e-06|-1.5613|0.6566|1.0269|0.066984
ETHUSD|1775941456|-8.2|-7.54e-06|-2.001|0.665|1.0204|0.080891
ETHUSD|1775941771|-5.93|-7.54e-06|-1.9031|0.659|1.0229|0.040407
ETHUSD|1775942086|-7.02|-7.54e-06|-1.9541|0.6627|1.0196|0.061431
ETHUSD|1775942401|-5.6|-7.54e-06|-1.8072|0.6631|1.0186|0.04063
ETHUSD|1775942716|-6.02|-7.54e-06|-1.912|0.657|1.0168|0.05175
ETHUSD|1775943031|-6.12|-7.54e-06|-2.1072|0.6573|1.0166|0.040904
ETHUSD|1775943346|-6.83|-7.54e-06|-2.2094|0.6572|1.0214|0.04433
ETHUSD|1775943661|-6.46|-7.54e-06|-1.9686|0.6564|1.0158|0.060008
ETHUSD|1775943976|-7.02|-7.54e-06|-2.1984|0.6574|1.0176|0.05389
ETHUSD|1775944291|-3.11|-7.54e-06|-1.0863|0.6591|1.0287|0.02738
ETHUSD|1775944606|-5.78|-7.54e-06|-1.7695|0.6497|1.0315|0.047343
ETHUSD|1775944921|-4.67|-7.54e-06|-1.1456|0.6549|1.0278|0.063753
ETHUSD|1775945236|-5.24|-7.54e-06|-1.5893|0.6561|1.03|0.042765
ETHUSD|1775945551|-4.01|-7.54e-06|-1.3111|0.6464|1.0316|0.042959
ETHUSD|1775945866|-5.79|-7.54e-06|-1.3029|0.6467|1.0374|0.075887
ETHUSD|1775946181|-6.15|-7.54e-06|-1.6948|0.6403|1.0488|0.05072
ETHUSD|1775946496|-4.41|-7.54e-06|-1.5296|0.6408|1.038|0.036
ETHUSD|1775946811|-3.77|-7.54e-06|-1.3741|0.6308|1.0383|0.043021
ETHUSD|1775947126|-2.76|-7.54e-06|-0.8699|0.6345|1.0433|0.044967
ETHUSD|1775947441|-3.73|-7.54e-06|-1.072|0.6477|1.0473|0.033955
ETHUSD|1775947756|-3.75|-7.54e-06|-1.0095|0.6377|1.0417|0.056156
ETHUSD|1775948071|-3.64|-7.54e-06|-0.9934|0.6393|1.0412|0.053845
ETHUSD|1775948386|-3.9|-7.54e-06|-1.0494|0.6439|1.0414|0.050708
ETHUSD|1775948701|-13.53|-7.54e-06|-0.74|0.6458|1.0429|0.354389
ETHUSD|1775949016|-2.86|-7.54e-06|-1.0693|0.6415|1.0408|0.030063
ETHUSD|1775949331|-3.11|-7.54e-06|-1.0658|0.6322|1.0403|0.046838
ETHUSD|1775949646|-3.3|-7.54e-06|-0.8427|0.6434|1.0488|0.043928
ETHUSD|1775949961|-4.78|-7.54e-06|-1.1675|0.6398|1.045|0.063136
ETHUSD|1775950276|-4.33|-7.54e-06|-1.1239|0.6418|1.0375|0.063173
ETHUSD|1775950591|-5.31|-7.54e-06|-1.4523|0.6464|1.0428|0.051117
ETHUSD|1775950906|-4.06|-7.54e-06|-1.4006|0.6437|1.0386|0.035194
ETHUSD|1775951221|-4.67|-7.54e-06|-1.459|0.6457|1.0435|0.036736
ETHUSD|1775951536|-5.96|-7.54e-06|-1.2351|0.646|1.0492|0.073502
ETHUSD|1775951851|-4.55|-7.54e-06|-1.1757|0.6461|1.0362|0.062129
ETHUSD|1775952166|7.23|9.038e-05|-1.0589|0.646|1.0398|0.044647
ETHUSD|1775952481|2.51|9.038e-05|-0.9229|0.6471|1.0525|0.141374
ETHUSD|1775952796|3.61|9.038e-05|-1.2136|0.6486|1.052|0.096246
ETHUSD|1775953111|3.12|9.038e-05|-1.4886|0.6508|1.0431|0.096295
ETHUSD|1775953426|6.67|9.038e-05|-1.3533|0.6414|1.0492|0.030406
ETHUSD|1775953741|5.98|9.038e-05|-1.2222|0.6347|1.047|0.064572
ETHUSD|1775954056|6.61|9.038e-05|-1.3256|0.6377|1.0408|0.047491
ETHUSD|1775954371|6.28|9.038e-05|-1.2376|0.6393|1.0429|0.05648
ETHUSD|1775954686|6.35|9.038e-05|-1.3768|0.6388|1.037|0.05281
ETHUSD|1775955001|4.62|9.038e-05|-1.565|0.6449|1.0406|0.066809
ETHUSD|1775955316|6.82|9.038e-05|-1.0881|0.6473|1.0418|0.047053
ETHUSD|1775955631|3.69|9.038e-05|-1.4694|0.6415|1.0475|0.088977
ETHUSD|1775955946|6.78|9.038e-05|-1.136|0.6472|1.0411|0.045518
ETHUSD|1775956261|5.08|9.038e-05|-1.4101|0.6544|1.0346|0.063653
ETHUSD|1775956576|7.45|9.038e-05|-1.1994|0.6389|1.0398|0.036979
ETHUSD|1775956891|5.98|9.038e-05|-1.4619|0.6456|1.0412|0.041987
ETHUSD|1775957206|6.28|9.038e-05|-1.0768|0.6547|1.0442|0.048148
ETHUSD|1775957521|4.03|9.038e-05|-1.6481|0.6549|1.0408|0.061761
ETHUSD|1775957836|2.79|9.038e-05|-1.9365|0.6747|1.0357|0.0533
ETHUSD|1775958151|1.06|9.038e-05|-2.0995|0.6757|1.0392|0.074634
ETHUSD|1775958466|-0.13|9.038e-05|-1.7962|0.7192|1.062|0.046782
ETHUSD|1775958781|-3.4|9.038e-05|-1.6566|0.7323|1.0632|0.111799
ETHUSD|1775959096|-1.25|9.038e-05|-1.9054|0.7361|1.0627|0.044602
ETHUSD|1775959411|-0.02|9.038e-05|-1.9248|0.7297|1.0614|0.025257
ETHUSD|1775959726|-2.34|9.038e-05|-1.9425|0.7291|1.0768|0.056851
ETHUSD|1775960041|-2.59|9.038e-05|-1.8738|0.7195|1.0768|0.077715
ETHUSD|1775960356|-2.02|9.038e-05|-2.1698|0.7212|1.0697|0.051629
ETHUSD|1775960671|-2.7|9.038e-05|-2.0818|0.7215|1.0734|0.067934
ETHUSD|1775960986|-1.93|9.038e-05|-1.9961|0.7277|1.0706|0.053694
ETHUSD|1775961301|-1.37|9.038e-05|-2.1342|0.7228|1.0709|0.037248
ETHUSD|1775961616|-1.28|9.038e-05|-1.7561|0.723|1.0732|0.058412
ETHUSD|1775961931|-2.52|9.038e-05|-1.9322|0.7222|1.0701|0.077701
ETHUSD|1775962246|-0.94|9.038e-05|-1.9263|0.7218|1.0702|0.04447
ETHUSD|1775962561|-0.27|9.038e-05|-2.0235|0.7257|1.0671|0.022918
ETHUSD|1775962876|-1.23|9.038e-05|-2.0906|0.72|1.0742|0.037051
ETHUSD|1775963191|-3.88|9.038e-05|-2.2504|0.7198|1.0736|0.084059
ETHUSD|1775963506|-1.11|9.038e-05|-2.2376|0.7214|1.068|0.030194
ETHUSD|1775963821|-1.22|9.038e-05|-1.8478|0.7258|1.0632|0.060319
ETHUSD|1775964136|-0.54|9.038e-05|-1.8833|0.7247|1.0673|0.039632
ETHUSD|1775964451|-0.79|9.038e-05|-1.8639|0.7257|1.0648|0.04821
ETHUSD|1775964766|0.07|9.038e-05|-2.0417|0.7258|1.0663|0.01575
ETHUSD|1775965081|-0.16|9.038e-05|-2.2536|0.7331|1.0582|0.007667
ETHUSD|1775965396|-0.07|9.038e-05|-1.8008|0.7333|1.063|0.031129
ETHUSD|1775965711|-0.81|9.038e-05|-2.0709|0.724|1.0637|0.037894
ETHUSD|1775966012|-1.83|9.038e-05|-1.8661|0.724|1.0694|0.067207
ETHUSD|1775966012|-1.83|9.038e-05|-1.8661|0.724|1.0694|0.067207
ETHUSD|1775966013|-1.82|9.038e-05|-1.8661|0.724|1.0694|0.067207
ETHUSD|1775966326|-1.24|9.038e-05|-1.9071|0.724|1.0601|0.062691
ETHUSD|1775966641|-2.48|9.038e-05|-2.0295|0.7282|1.0661|0.069315
ETHUSD|1775966956|-0.38|9.038e-05|-1.8865|0.7301|1.0743|0.023021
ETHUSD|1775967271|-1.13|9.038e-05|-2.0941|0.7286|1.0739|0.026883
ETHUSD|1775967586|-1.24|9.038e-05|-1.9092|0.73|1.0711|0.043846
ETHUSD|1775967901|-1.19|9.038e-05|-2.0305|0.73|1.0741|0.030953
ETHUSD|1775968216|-3.66|9.038e-05|-2.1461|0.7218|1.0776|0.080684
ETHUSD|1775968531|-3.23|9.038e-05|-2.0656|0.7269|1.0758|0.073634
ETHUSD|1775968846|-0.98|9.038e-05|-1.9342|0.7268|1.0744|0.03683
ETHUSD|1775969161|-2.39|9.038e-05|-2.0719|0.727|1.0766|0.054663
ETHUSD|1775969476|-2.81|9.038e-05|-2.0535|0.727|1.0761|0.065506
ETHUSD|1775969791|-3.41|9.038e-05|-1.9552|0.7252|1.0751|0.08815
ETHUSD|1775970106|-1.84|9.038e-05|-1.83|0.7249|1.0699|0.069922
ETHUSD|1775970421|-0.8|9.038e-05|-1.9204|0.7263|1.0755|0.03391
ETHUSD|1775970736|-1.19|9.038e-05|-2.0929|0.7325|1.0782|0.020557
ETHUSD|1775971051|-2.62|9.038e-05|-2.0471|0.7315|1.0748|0.059013
ETHUSD|1775971366|-1.73|9.038e-05|-2.213|0.726|1.0749|0.034761
ETHUSD|1775971681|-0.91|9.038e-05|-2.1939|0.7343|1.067|0.018718
ETHUSD|1775971996|-2.64|9.038e-05|-2.2017|0.739|1.0621|0.055208
ETHUSD|1775972311|-2.15|9.038e-05|-2.1559|0.7328|1.0742|0.041083
ETHUSD|1775972626|-2.62|9.038e-05|-2.1398|0.7201|1.0749|0.065434
ETHUSD|1775972941|-0.77|9.038e-05|-1.9482|0.7201|1.0659|0.049833
ETHUSD|1775973256|-2.85|9.038e-05|-2.2368|0.7308|1.0622|0.066255
ETHUSD|1775973571|-1.6|9.038e-05|-2.0836|0.73|1.0664|0.046892
ETHUSD|1775973886|-1.97|9.038e-05|-2.4333|0.735|1.0428|0.051814
ETHUSD|1775974201|-0.79|9.038e-05|-2.0978|0.7262|1.0514|0.049988
ETHUSD|1775974516|-2.19|9.038e-05|-2.2104|0.7237|1.057|0.067988
ETHUSD|1775974831|0.03|9.038e-05|-1.893|0.7289|1.0538|0.041227
ETHUSD|1775975146|-0.38|9.038e-05|-2.0057|0.7342|1.0585|0.031085
ETHUSD|1775975461|-0.5|9.038e-05|-1.8389|0.7213|1.0471|0.072096
ETHUSD|1775975776|-2.41|9.038e-05|-2.3375|0.7042|1.0635|0.078024
ETHUSD|1775976091|0.04|9.038e-05|-2.0484|0.7048|1.0582|0.051906
ETHUSD|1775976406|0.45|9.038e-05|-2.0731|0.7058|1.0543|0.045133
ETHUSD|1775976721|-2.25|9.038e-05|-2.5696|0.7229|1.0647|0.036989
ETHUSD|1775977036|-0.89|9.038e-05|-2.2251|0.709|1.0567|0.056394
ETHUSD|1775977351|-2.16|9.038e-05|-2.5301|0.7153|1.0645|0.046489
ETHUSD|1775977666|-0.94|9.038e-05|-2.3092|0.7064|1.0582|0.053077
ETHUSD|1775977981|-2.17|9.038e-05|-2.5605|0.7232|1.0664|0.033831
ETHUSD|1775978296|-1.45|9.038e-05|-2.2022|0.7143|1.0671|0.052614
ETHUSD|1775978611|-3.39|9.038e-05|-2.3416|0.7177|1.0699|0.076508
ETHUSD|1775978926|-1.34|9.038e-05|-2.1941|0.7036|1.07|0.059589
ETHUSD|1775979241|-0.33|9.038e-05|-2.44|0.701|1.0675|0.027298
ETHUSD|1775979556|-0.45|9.038e-05|-2.298|0.7374|1.0516|0.017579
ETHUSD|1775979871|-0.62|9.038e-05|-2.1551|0.7376|1.0431|0.040106
ETHUSD|1775980186|-2.62|9.038e-05|-2.3165|0.7375|1.038|0.076382
ETHUSD|1775980501|-2.82|9.038e-05|-2.4435|0.736|1.0453|0.065295
ETHUSD|1775980816|-11.44|-3.576e-05|-1.8983|0.6911|1.0218|0.057235
ETHUSD|1775981131|-14.7|-3.576e-05|-2.7192|0.7168|1.0229|0.039231
ETHUSD|1775981446|-15.07|-3.576e-05|-2.7425|0.7168|1.0179|0.051199
ETHUSD|1775981761|-13.62|-3.576e-05|-2.3886|0.7246|1.0183|0.036761
ETHUSD|1775982076|-16.08|-3.576e-05|-2.7079|0.7244|1.0181|0.066315
ETHUSD|1775982391|-14.8|-3.576e-05|-2.6138|0.7258|1.0206|0.042374
ETHUSD|1775982706|-14.38|-3.576e-05|-2.5523|0.7256|1.0191|0.04011
ETHUSD|1775983021|-14.18|-3.576e-05|-2.4811|0.7124|1.0262|0.047799
ETHUSD|1775983336|-14.06|-3.576e-05|-2.5464|0.7272|1.02|0.031771
ETHUSD|1775983651|-16.12|-3.576e-05|-2.2406|0.7256|1.0257|0.090938
ETHUSD|1775983965|-14.89|-3.576e-05|-2.3823|0.7258|1.0189|0.063654
ETHUSD|1775983966|-14.88|-3.576e-05|-2.3823|0.7258|1.0189|0.063654
ETHUSD|1775984281|-13.18|-3.576e-05|-2.0622|0.7258|1.0212|0.048339
ETHUSD|1775984596|-13.77|-3.576e-05|-2.2167|0.726|1.0232|0.04767
ETHUSD|1775984911|-14.24|-3.576e-05|-2.5565|0.7265|1.0253|0.031397
ETHUSD|1775985226|-14.23|-3.576e-05|-2.3811|0.7265|1.0219|0.047428
ETHUSD|1775985541|-13.94|-3.576e-05|-2.4001|0.726|1.0193|0.04379
ETHUSD|1775985856|-13.62|-3.576e-05|-2.4714|0.7135|1.0179|0.047846
ETHUSD|1775986171|-14.53|-3.576e-05|-2.4535|0.713|1.0162|0.070413
ETHUSD|1775986486|-13.51|-3.576e-05|-2.7022|0.7129|1.0164|0.032725
ETHUSD|1775986801|-13.38|-3.576e-05|-2.5683|0.714|1.0168|0.037911
ETHUSD|1775987116|-12.91|-3.576e-05|-2.4545|0.7082|1.017|0.042453
ETHUSD|1775987431|-12.02|-3.576e-05|-2.4525|0.7086|1.0168|0.024391
ETHUSD|1775987746|-13.35|-3.576e-05|-2.3966|0.7085|1.0206|0.051463
ETHUSD|1775988061|-13.03|-3.576e-05|-2.1694|0.7086|1.0168|0.065041
ETHUSD|1775988376|-13.57|-3.576e-05|-2.3006|0.7095|1.0245|0.057797
ETHUSD|1775988691|-11.98|-3.576e-05|-2.1487|0.7092|1.0177|0.043775
ETHUSD|1775989006|-12.79|-3.576e-05|-2.3957|0.7088|1.0182|0.043544
ETHUSD|1775989321|-12.79|-3.576e-05|-2.4449|0.714|1.0161|0.036997
ETHUSD|1775989636|-13.35|-3.576e-05|-2.4061|0.7196|1.0182|0.042864
ETHUSD|1775989951|-12.33|-3.576e-05|-2.387|0.7178|1.0108|0.033859
ETHUSD|1775990266|-12.97|-3.576e-05|-2.3672|0.7178|1.0177|0.040876
ETHUSD|1775990581|-12.75|-3.576e-05|-2.4452|0.7178|1.0159|0.033195
ETHUSD|1775990896|-14.28|-3.576e-05|-2.2195|0.7162|1.0178|0.079776
ETHUSD|1775991211|-14.93|-3.576e-05|-2.0133|0.7178|1.024|0.098579
ETHUSD|1775991526|-16.65|-3.576e-05|-2.4659|0.7173|1.0168|0.111316
ETHUSD|1775991841|-15.13|-3.576e-05|-2.3618|0.7177|1.019|0.084984
ETHUSD|1775992156|-12.53|-3.576e-05|-2.2174|0.7178|1.0172|0.044513
ETHUSD|1775992471|-12.64|-3.576e-05|-1.9414|0.7183|1.0149|0.06797
ETHUSD|1775992786|-14.28|-3.576e-05|-2.5316|0.7195|1.0168|0.057362
ETHUSD|1775993101|-16.06|-3.576e-05|-2.2907|0.7219|1.0156|0.108857
ETHUSD|1775993407|-13.9|-3.576e-05|-2.3652|0.7219|1.0152|0.060741
ETHUSD|1775993716|-13.15|-3.576e-05|-2.3671|0.7193|1.0153|0.048541
ETHUSD|1775994031|-12.35|-3.576e-05|-2.2502|0.7194|1.0134|0.042633
ETHUSD|1775994346|-13.28|-3.576e-05|-2.1947|0.7195|1.0135|0.065314
ETHUSD|1775994661|-12.79|-3.576e-05|-2.2442|0.7194|1.02|0.045128
ETHUSD|1775994976|-14.76|-3.576e-05|-2.5364|0.7194|1.0162|0.06915
ETHUSD|1775995291|-14.36|-3.576e-05|-2.7089|0.719|1.0163|0.049913
ETHUSD|1775995606|-13.76|-3.576e-05|-2.3678|0.7177|1.0136|0.06587
ETHUSD|1775995921|-14.78|-3.576e-05|-2.5453|0.7183|1.0118|0.075758
ETHUSD|1775996236|-13.88|-3.576e-05|-2.6618|0.718|1.0134|0.048558
ETHUSD|1775996551|-15.17|-3.576e-05|-2.6239|0.7184|1.013|0.077317
ETHUSD|1775996866|-13.99|-3.576e-05|-2.4657|0.7183|1.0171|0.060322
ETHUSD|1775997181|-14.84|-3.576e-05|-2.6316|0.7183|1.0157|0.06781
ETHUSD|1775997496|-14.41|-3.576e-05|-2.9278|0.7173|1.0158|0.040138
ETHUSD|1775997811|-13.39|-3.576e-05|-2.6314|0.7171|1.0172|0.038956
ETHUSD|1775998126|-14.68|-3.576e-05|-2.4404|0.7194|1.0155|0.077478
ETHUSD|1775998441|-14.67|-3.576e-05|-2.4383|0.7161|1.0156|0.081141
ETHUSD|1775998756|-16.52|-3.576e-05|-3.2878|0.7241|1.01|0.057591
ETHUSD|1775999071|-16.29|-3.576e-05|-3.1435|0.7358|1.0118|0.048319
ETHUSD|1775999386|-15.85|-3.576e-05|-3.0317|0.7232|1.0103|0.063012
ETHUSD|1775999701|-15.5|-3.576e-05|-3.0925|0.7367|1.009|0.038772
ETHUSD|1776000016|-16.15|-3.576e-05|-3.2085|0.7366|1.0106|0.042365
ETHUSD|1776000331|-16.33|-3.576e-05|-2.8414|0.7368|1.0111|0.070594
ETHUSD|1776000646|-17.51|-3.576e-05|-3.1541|0.7364|1.0125|0.071783
ETHUSD|1776000961|-15.22|-3.576e-05|-2.9059|0.7378|1.0127|0.041896
ETHUSD|1776001276|-16.42|-3.576e-05|-3.3053|0.744|1.0246|0.018722
ETHUSD|1776001591|-17.67|-3.576e-05|-3.1484|0.761|1.0216|0.039262
ETHUSD|1776001906|-16.56|-3.576e-05|-3.0041|0.7609|1.0216|0.027431
ETHUSD|1776002221|-16.81|-3.576e-05|-2.948|0.7587|1.0183|0.042713
ETHUSD|1776002536|-16.82|-3.576e-05|-2.7417|0.7615|1.0188|0.053712
ETHUSD|1776002851|-15.84|-3.576e-05|-2.7493|0.7616|1.0192|0.03334
ETHUSD|1776003166|-18.38|-3.576e-05|-2.7526|0.7676|1.0228|0.073258
ETHUSD|1776003481|-16.69|-3.576e-05|-2.9449|0.7675|1.0207|0.029432
ETHUSD|1776003796|-18.66|-3.576e-05|-3.015|0.7686|1.0229|0.060187
ETHUSD|1776004111|-17.3|-3.576e-05|-3.0953|0.7704|1.0243|0.024632
ETHUSD|1776004426|-18.24|-3.576e-05|-3.0488|0.7847|1.019|0.036973
ETHUSD|1776004741|-18.54|-3.576e-05|-2.732|0.7878|1.0213|0.058947
ETHUSD|1776005056|-18.58|-3.576e-05|-2.8368|0.7886|1.0208|0.05266
ETHUSD|1776005371|-18.61|-3.576e-05|-2.825|0.7877|1.0204|0.055691
ETHUSD|1776005686|-18.79|-3.576e-05|-2.9159|0.788|1.022|0.051373
ETHUSD|1776006001|-19.36|-3.576e-05|-2.9923|0.7881|1.0206|0.059134
ETHUSD|1776006316|-19.51|-3.576e-05|-3.0625|0.7878|1.0194|0.059353
ETHUSD|1776006631|-17.36|-3.576e-05|-2.9906|0.7892|1.014|0.026592
ETHUSD|1776006946|-20.35|-3.576e-05|-3.3334|0.7888|1.0183|0.058146
ETHUSD|1776007261|-19.15|-3.576e-05|-3.3772|0.7887|1.0197|0.030475
ETHUSD|1776007576|-20.92|-3.576e-05|-3.3876|0.7905|1.0181|0.064611
ETHUSD|1776007891|-19.22|-3.576e-05|-3.2575|0.7904|1.0181|0.040646
ETHUSD|1776008206|-19.22|-3.576e-05|-3.338|0.7908|1.0134|0.040292
ETHUSD|1776008521|-19.49|-3.576e-05|-3.2004|0.7909|1.0191|0.048778
ETHUSD|1776008836|-18.8|-3.576e-05|-3.3095|0.7907|1.0137|0.034342
ETHUSD|1776009151|-20.98|-3.576e-05|-3.6157|0.792|1.0194|0.048963
ETHUSD|1776009466|-19.98|-3.576e-05|-3.267|0.7904|1.0172|0.057613
ETHUSD|1776009781|-20.01|-5.477e-05|-3.1954|0.7907|1.0183|0.01828
ETHUSD|1776010096|-23.45|-5.477e-05|-3.4416|0.7895|1.0142|0.075024
ETHUSD|1776010411|-20.72|-5.477e-05|-3.1904|0.7895|1.0182|0.034741
ETHUSD|1776010726|-21.78|-5.477e-05|-3.0184|0.7898|1.0199|0.065392
ETHUSD|1776011041|-20.48|-5.477e-05|-3.0818|0.7907|1.0153|0.040255
ETHUSD|1776011356|-19.79|-5.477e-05|-3.1682|0.7842|1.0186|0.024686
ETHUSD|1776011671|-21.11|-5.477e-05|-3.2093|0.7912|1.0187|0.040225
ETHUSD|1776011986|-22.72|-5.477e-05|-3.3562|0.7911|1.0167|0.064522
ETHUSD|1776012301|-20.75|-5.477e-05|-3.3386|0.7911|1.0138|0.030878
ETHUSD|1776012616|-20.11|-5.477e-05|-3.317|0.7913|1.0153|0.018299
ETHUSD|1776012931|-20.3|-5.477e-05|-2.9967|0.7913|1.0121|0.047789
ETHUSD|1776013246|-21.67|-5.477e-05|-3.2751|0.793|1.0142|0.051854
ETHUSD|1776013561|-21.56|-5.477e-05|-3.2014|0.7921|1.0178|0.052038
ETHUSD|1776013876|-22.96|-5.477e-05|-3.424|0.7919|1.018|0.064624
ETHUSD|1776014191|-22.08|-5.477e-05|-3.4221|0.7919|1.0163|0.050012
ETHUSD|1776014506|-22.9|-5.477e-05|-3.2945|0.792|1.016|0.075262
ETHUSD|1776014821|-22.48|-5.477e-05|-3.3727|0.792|1.0168|0.06134
ETHUSD|1776015136|-22.36|-5.477e-05|-3.4742|0.7912|1.0166|0.053484
ETHUSD|1776015451|-21.16|-5.477e-05|-3.0162|0.7912|1.0148|0.063766
ETHUSD|1776015766|-21.25|-5.477e-05|-3.4459|0.7912|1.0163|0.035078
ETHUSD|1776016081|-21.04|-5.477e-05|-3.1949|0.7911|1.017|0.047879
ETHUSD|1776016396|-18.13|-5.477e-05|-2.5762|0.7905|1.0154|0.03628
ETHUSD|1776016711|-19.23|-5.477e-05|-2.491|0.7901|1.0181|0.061283
ETHUSD|1776017026|-19.61|-5.477e-05|-2.6525|0.7901|1.0168|0.059443
ETHUSD|1776017341|-20.5|-5.477e-05|-2.7051|0.7872|1.0164|0.07694
ETHUSD|1776017656|-18.09|-5.477e-05|-2.5201|0.7878|1.0168|0.042196
ETHUSD|1776017971|-19.34|-5.477e-05|-2.5246|0.7884|1.02|0.062188
ETHUSD|1776018286|-18.85|-5.477e-05|-2.5922|0.7884|1.0169|0.052017
ETHUSD|1776018601|-16.97|-5.477e-05|-2.3844|0.7726|1.0171|0.047018
ETHUSD|1776018916|-16.93|-5.477e-05|-2.5828|0.7739|1.0153|0.03359
ETHUSD|1776019231|-18.21|-5.477e-05|-2.6514|0.774|1.0134|0.055963
ETHUSD|1776019546|-18.2|-5.477e-05|-2.6285|0.7715|1.0213|0.051509
ETHUSD|1776019861|-17.84|-5.477e-05|-2.7107|0.7693|1.0155|0.048146
ETHUSD|1776020176|-17.2|-5.477e-05|-2.4264|0.7709|1.0214|0.047246
ETHUSD|1776020491|-16.91|-5.477e-05|-2.4409|0.7709|1.0215|0.040882
ETHUSD|1776020806|-17.26|-5.477e-05|-2.6834|0.771|1.0145|0.039042
ETHUSD|1776021121|-17.38|-5.477e-05|-2.3218|0.7712|1.0184|0.061672
ETHUSD|1776021436|-17.62|-5.477e-05|-2.8306|0.771|1.0172|0.033591
ETHUSD|1776021751|-17.5|-5.477e-05|-2.6341|0.7711|1.0187|0.043095
ETHUSD|1776022066|-17.25|-5.477e-05|-2.7086|0.7711|1.0188|0.033564
ETHUSD|1776022381|-16.81|-5.477e-05|-2.4726|0.7711|1.019|0.041273
ETHUSD|1776022696|-19.52|-5.477e-05|-2.4834|0.7709|1.0211|0.090598
ETHUSD|1776023011|-16.95|-5.477e-05|-2.3978|0.7709|1.0191|0.04972
ETHUSD|1776023326|-16.86|-5.477e-05|-2.4169|0.7709|1.0207|0.045198
ETHUSD|1776023641|-19.84|-5.477e-05|-3.2432|0.7709|1.0145|0.053211
ETHUSD|1776023956|-18.78|-5.477e-05|-3.0561|0.7709|1.011|0.049799
ETHUSD|1776024271|-18.42|-5.477e-05|-3.1482|0.7709|1.0111|0.036834
ETHUSD|1776024586|-20.33|-5.477e-05|-3.5354|0.7709|1.0137|0.044608
ETHUSD|1776024901|-20.48|-5.477e-05|-3.3894|0.7709|1.0168|0.054184
ETHUSD|1776025216|-20.0|-5.477e-05|-3.4099|0.771|1.0208|0.039596
ETHUSD|1776025531|-19.85|-5.477e-05|-3.5342|0.771|1.0174|0.032304
ETHUSD|1776025846|-19.73|-5.477e-05|-3.3885|0.771|1.0175|0.040259
ETHUSD|1776026161|-17.31|-5.477e-05|-2.6548|0.7724|1.0192|0.04088
ETHUSD|1776026476|-18.8|-5.477e-05|-2.9947|0.7714|1.0165|0.050513
ETHUSD|1776026791|-18.1|-5.477e-05|-2.8385|0.7704|1.0101|0.056111
ETHUSD|1776027106|-18.1|-5.477e-05|-2.9787|0.7707|1.0087|0.048188
ETHUSD|1776027421|-17.3|-5.477e-05|-2.746|0.7709|1.0163|0.040511
ETHUSD|1776027736|-21.63|-5.477e-05|-2.6359|0.771|1.0111|0.136073
ETHUSD|1776028051|-18.53|-5.477e-05|-2.7471|0.771|1.0163|0.064376
ETHUSD|1776028366|-16.69|-5.477e-05|-2.6312|0.7713|1.0124|0.041636
ETHUSD|1776028681|-17.2|-5.477e-05|-2.7924|0.7719|1.0134|0.038888
ETHUSD|1776028996|-17.36|-5.477e-05|-2.7077|0.7717|1.0078|0.054296
ETHUSD|1776029311|-17.32|-5.477e-05|-2.6105|0.7748|1.0175|0.046408
ETHUSD|1776029626|-16.74|-5.477e-05|-2.3723|0.7735|1.0164|0.054379
ETHUSD|1776029941|-17.57|-5.477e-05|-2.5616|0.7741|1.0109|0.062906
ETHUSD|1776030256|-19.71|-5.477e-05|-2.427|0.7741|1.0067|0.117581
ETHUSD|1776030571|-16.79|-5.477e-05|-2.4132|0.7741|1.018|0.051161
ETHUSD|1776030886|-15.5|-5.477e-05|-2.2564|0.7572|1.0176|0.056152
ETHUSD|1776031201|-15.81|-5.477e-05|-1.8968|0.749|1.0091|0.104965
ETHUSD|1776031516|-19.07|-5.477e-05|-2.9785|0.7574|1.0141|0.078743
ETHUSD|1776031831|-18.86|-5.477e-05|-3.2483|0.7488|1.0124|0.06807
ETHUSD|1776032146|-20.28|-5.477e-05|-3.3748|0.7504|1.0166|0.080096
ETHUSD|1776032461|-16.14|-5.477e-05|-3.0312|0.7585|1.0112|0.022821
ETHUSD|1776032776|-17.85|-5.477e-05|-3.0635|0.7583|1.015|0.04928
ETHUSD|1776033091|-16.6|-5.477e-05|-2.8624|0.763|1.01|0.040012
ETHUSD|1776033406|-18.77|-5.477e-05|-2.8292|0.7635|1.012|0.080685
ETHUSD|1776033721|-16.53|-5.477e-05|-3.0233|0.7622|1.0098|0.029575
ETHUSD|1776034036|-17.05|-5.477e-05|-3.0874|0.7619|1.0103|0.035027
ETHUSD|1776034351|-18.03|-5.477e-05|-3.0916|0.7484|1.0104|0.067766
ETHUSD|1776034666|-17.56|-5.477e-05|-3.4918|0.7635|1.0125|0.013656
ETHUSD|1776034981|-15.65|-5.477e-05|-2.7233|0.7644|1.0109|0.03078
ETHUSD|1776035296|-21.32|-5.477e-05|-3.1496|0.7582|1.0072|0.119566
ETHUSD|1776035611|-15.95|-5.477e-05|-2.9404|0.7593|1.0095|0.029461
ETHUSD|1776035926|-17.67|-5.477e-05|-2.9462|0.7579|1.0058|0.067189
ETHUSD|1776036241|-16.7|-5.477e-05|-2.8661|0.759|1.0115|0.047272
ETHUSD|1776036556|-18.8|-5.477e-05|-3.1228|0.7598|1.0081|0.072287
ETHUSD|1776036871|-18.63|-5.477e-05|-3.6499|0.7609|1.0081|0.032449
ETHUSD|1776037186|-18.8|-5.477e-05|-3.3345|0.761|1.012|0.052974
ETHUSD|1776037501|-21.56|-5.477e-05|-3.743|0.7602|1.0115|0.078743
ETHUSD|1776037816|-18.73|-5.477e-05|-3.7407|0.7609|1.0085|0.028789
ETHUSD|1776038131|-17.31|-5.477e-05|-3.1294|0.7653|1.0081|0.039683
ETHUSD|1776038446|-12.51|-9.86e-06|-3.2036|0.7657|1.0088|0.043416
ETHUSD|1776038761|-14.47|-9.86e-06|-3.1337|0.774|1.0091|0.075706
ETHUSD|1776039076|-20.02|-9.86e-06|-3.3936|0.7732|1.009|0.163115
ETHUSD|1776039391|-12.25|-9.86e-06|-3.5172|0.7737|1.0057|0.012759
ETHUSD|1776039706|-13.23|-9.86e-06|-3.6259|0.7737|1.0087|0.020481
ETHUSD|1776040021|-10.7|-9.86e-06|-2.8411|0.7724|1.0052|0.031811
ETHUSD|1776040336|-11.81|-9.86e-06|-2.8791|0.7748|1.0055|0.047207
ETHUSD|1776040651|-10.01|-9.86e-06|-2.5914|0.7708|1.0019|0.04156
ETHUSD|1776040966|-14.97|-9.86e-06|-3.6132|0.7701|1.006|0.061175
ETHUSD|1776041281|-9.82|-9.86e-06|-2.6277|0.7701|1.0094|0.02842
ETHUSD|1776041596|-10.99|-9.86e-06|-2.7888|0.7704|1.0092|0.039245
ETHUSD|1776041911|-9.77|-9.86e-06|-2.5488|0.7696|1.0033|0.040355
ETHUSD|1776042226|-9.32|-9.86e-06|-2.6027|0.7694|1.0041|0.027658
ETHUSD|1776042541|-12.32|-9.86e-06|-2.8223|0.7601|1.0023|0.080766
ETHUSD|1776042856|-9.82|-9.86e-06|-2.7081|0.7579|1.0055|0.041038
ETHUSD|1776043171|-9.31|-9.86e-06|-2.8739|0.7582|1.0047|0.020885
ETHUSD|1776043486|-8.85|-9.86e-06|-2.6337|0.7618|1.0013|0.028616
ETHUSD|1776043801|-12.74|-9.86e-06|-2.8269|0.7767|1.0049|0.068066
ETHUSD|1776044116|-11.14|-9.86e-06|-2.6487|0.7685|1.0024|0.062118
ETHUSD|1776044431|-8.35|-9.86e-06|-2.4111|0.7675|1.0084|0.020866
ETHUSD|1776044746|-8.02|-9.86e-06|-2.5868|0.7684|1.0032|0.007716
ETHUSD|1776045061|-7.83|-9.86e-06|-2.4444|0.7692|1.0033|0.012934
ETHUSD|1776045376|-9.98|-9.86e-06|-2.8622|0.7692|1.0051|0.022701
ETHUSD|1776045691|-8.85|-9.86e-06|-2.1798|0.7683|1.004|0.050365
ETHUSD|1776046006|-11.52|-9.86e-06|-2.7921|0.7625|1.0058|0.062655
ETHUSD|1776046321|-14.71|-9.86e-06|-3.4375|0.7651|1.0015|0.080058
ETHUSD|1776046636|-13.12|-9.86e-06|-3.2607|0.777|0.9996|0.052148
ETHUSD|1776046951|-12.7|-9.86e-06|-3.4723|0.7794|0.9977|0.029575
ETHUSD|1776047266|-8.4|-9.86e-06|-2.3509|0.7649|0.9992|0.040229
ETHUSD|1776047581|-12.51|-9.86e-06|-2.5418|0.7796|0.9991|0.08767
ETHUSD|1776047896|-16.13|-9.86e-06|-3.2472|0.7726|0.9948|0.119136
ETHUSD|1776048211|-13.59|-9.86e-06|-3.5023|0.781|0.997|0.04374
ETHUSD|1776048526|-11.24|-9.86e-06|-3.1693|0.7809|0.9998|0.020045
ETHUSD|1776048841|-11.27|-9.86e-06|-3.3304|0.7807|0.9987|0.011168
ETHUSD|1776049156|-12.23|-9.86e-06|-3.4647|0.781|0.9992|0.019139
ETHUSD|1776049471|-17.08|-9.86e-06|-3.5445|0.7747|0.9953|0.114513
ETHUSD|1776049786|-12.62|-9.86e-06|-3.5855|0.7742|0.9924|0.033301
ETHUSD|1776050101|-11.79|-9.86e-06|-3.1366|0.7738|0.9939|0.047432
ETHUSD|1776050416|-12.33|-9.86e-06|-3.6976|0.7749|0.992|0.020497
ETHUSD|1776050731|-10.96|-9.86e-06|-3.1749|0.7791|0.99|0.028502
ETHUSD|1776051046|-10.57|-9.86e-06|-3.3834|0.7797|0.989|0.007749
ETHUSD|1776051361|-9.95|-9.86e-06|-3.0425|0.7794|0.9874|0.021645
ETHUSD|1776051676|-11.11|-9.86e-06|-3.2615|0.7937|0.9821|0.018693
ETHUSD|1776051991|-13.51|-9.86e-06|-3.2232|0.7929|0.9854|0.062939
ETHUSD|1776052306|-10.79|-9.86e-06|-3.2657|0.7931|0.9803|0.015502
ETHUSD|1776052621|-11.07|-9.86e-06|-3.2657|0.7939|0.9824|0.017772
ETHUSD|1776052936|-11.44|-9.86e-06|-3.1549|0.7792|0.9842|0.046006
ETHUSD|1776053251|-11.38|-9.86e-06|-3.1999|0.7751|0.9807|0.050151
ETHUSD|1776053566|-9.39|-9.86e-06|-3.1973|0.7773|0.9758|0.017106
ETHUSD|1776053881|-13.31|-9.86e-06|-3.3682|0.7772|0.9759|0.077541
ETHUSD|1776054196|-8.56|-9.86e-06|-2.7253|0.7775|0.9739|0.036022
ETHUSD|1776054511|-9.27|-9.86e-06|-3.2656|0.7709|0.9762|0.01708
ETHUSD|1776054826|-8.66|-9.86e-06|-2.5092|0.7715|0.9758|0.057107
ETHUSD|1776055141|-5.96|-9.86e-06|-2.208|0.7688|0.976|0.030723
